世界名,时间,玩家名,玩家ID,容器名,物品名,物品代码,数量
安全世界,2021-09-20 00:52,Warlock,KU_VSloxXfz,龙鳞宝箱,可靠的胶布,sewing_tape,-2
安全世界,2021-09-20 16:00,我是qq,KU_vCuBTOFZ,龙鳞宝箱,犬牙,houndstooth,-40
安全世界,2021-09-20 16:01,我是qq,KU_vCuBTOFZ,龙鳞宝箱,采下的芦苇,cutreeds,-9
安全世界,2021-09-20 16:02,我是qq,KU_vCuBTOFZ,龙鳞宝箱,犬牙,houndstooth,40
宜居世界,2021-09-20 00:05,Mokita,KU_7A4ESdZn,龙鳞宝箱,暖石,heatrock,1
宜居世界,2021-09-20 00:05,Mokita,KU_7A4ESdZn,龙鳞宝箱,暖石,heatrock,1
宜居世界,2021-09-20 00:11,Mokita,KU_7A4ESdZn,龙鳞宝箱,暖石,heatrock,-1
宜居世界,2021-09-20 00:16,Mokita,KU_7A4ESdZn,龙鳞宝箱,暖石,heatrock,1
宜居世界,2021-09-20 00:16,Mokita,KU_7A4ESdZn,龙鳞宝箱,暖石,heatrock,-1
宜居世界,2021-09-20 00:23,Mokita,KU_7A4ESdZn,龙鳞宝箱,暖石,heatrock,1
宜居世界,2021-09-20 00:26,Mokita,KU_7A4ESdZn,龙鳞宝箱,暖石,heatrock,-1
宜居世界,2021-09-20 00:33,专车司机小千层,KU_0vPtVpg3,菌伞灯,圣诞灯,winter_ornament_light3,1
宜居世界,2021-09-20 00:33,专车司机小千层,KU_0vPtVpg3,菌伞灯,圣诞灯,winter_ornament_light3,1
宜居世界,2021-09-20 00:33,专车司机小千层,KU_0vPtVpg3,菌伞灯,圣诞灯,winter_ornament_light3,1
宜居世界,2021-09-20 00:33,专车司机小千层,KU_0vPtVpg3,菌伞灯,圣诞灯,winter_ornament_light3,1
宜居世界,2021-09-20 00:33,专车司机小千层,KU_0vPtVpg3,菌伞灯,圣诞灯,winter_ornament_light3,1
宜居世界,2021-09-20 00:33,专车司机小千层,KU_0vPtVpg3,菌伞灯,圣诞灯,winter_ornament_light3,1
宜居世界,2021-09-20 00:33,专车司机小千层,KU_0vPtVpg3,菌伞灯,圣诞灯,winter_ornament_light3,1
宜居世界,2021-09-20 00:33,专车司机小千层,KU_0vPtVpg3,菌伞灯,圣诞灯,winter_ornament_light3,1
宜居世界,2021-09-20 00:33,专车司机小千层,KU_0vPtVpg3,菌伞灯,圣诞灯,winter_ornament_light3,1
宜居世界,2021-09-20 00:33,专车司机小千层,KU_0vPtVpg3,菌伞灯,圣诞灯,winter_ornament_light3,1
宜居世界,2021-09-20 00:33,专车司机小千层,KU_0vPtVpg3,菌伞灯,圣诞灯,winter_ornament_light3,1
宜居世界,2021-09-20 00:33,专车司机小千层,KU_0vPtVpg3,菌伞灯,圣诞灯,winter_ornament_light3,1
宜居世界,2021-09-20 00:33,专车司机小千层,KU_0vPtVpg3,菌伞灯,圣诞灯,winter_ornament_light3,1
宜居世界,2021-09-20 00:33,专车司机小千层,KU_0vPtVpg3,菌伞灯,圣诞灯,winter_ornament_light3,1
宜居世界,2021-09-20 00:33,专车司机小千层,KU_0vPtVpg3,菌伞灯,圣诞灯,winter_ornament_light3,1
宜居世界,2021-09-20 00:33,专车司机小千层,KU_0vPtVpg3,菌伞灯,圣诞灯,winter_ornament_light3,1
宜居世界,2021-09-20 01:02,Mokita,KU_7A4ESdZn,龙鳞宝箱,暖石,heatrock,1
宜居世界,2021-09-20 01:02,Mokita,KU_7A4ESdZn,龙鳞宝箱,暖石,heatrock,-1
宜居世界,2021-09-20 01:07,Mokita,KU_7A4ESdZn,龙鳞宝箱,暖石,heatrock,1
宜居世界,2021-09-20 01:07,Mokita,KU_7A4ESdZn,龙鳞宝箱,暖石,heatrock,-1
宜居世界,2021-09-20 01:14,Mokita,KU_7A4ESdZn,龙鳞宝箱,暖石,heatrock,1
宜居世界,2021-09-20 01:14,Mokita,KU_7A4ESdZn,龙鳞宝箱,暖石,heatrock,-1
宜居世界,2021-09-20 01:14,我是qq,KU_vCuBTOFZ,龙鳞宝箱,乌鸦,crow,-1
宜居世界,2021-09-20 01:15,我是qq,KU_vCuBTOFZ,龙鳞宝箱,乌鸦,crow,1
宜居世界,2021-09-20 01:15,我是qq,KU_vCuBTOFZ,龙鳞宝箱,化石碎片,fossil_piece,-8
宜居世界,2021-09-20 01:31,Mokita,KU_7A4ESdZn,龙鳞宝箱,暖石,heatrock,1
宜居世界,2021-09-20 01:33,Mokita,KU_7A4ESdZn,龙鳞宝箱,暖石,heatrock,1
宜居世界,2021-09-20 01:44,我是qq,KU_vCuBTOFZ,龙鳞宝箱,采下的草,cutgrass,-40
宜居世界,2021-09-20 15:56,Bluelue,KU_ceFdllJd,龙鳞宝箱,采下的草,cutgrass,-40
宜居世界,2021-09-20 15:56,Bluelue,KU_ceFdllJd,龙鳞宝箱,采下的草,cutgrass,-40
宜居世界,2021-09-20 15:56,Bluelue,KU_ceFdllJd,龙鳞宝箱,采下的草,cutgrass,-40
宜居世界,2021-09-20 15:56,Bluelue,KU_ceFdllJd,龙鳞宝箱,采下的草,cutgrass,-40
宜居世界,2021-09-20 15:56,Bluelue,KU_ceFdllJd,龙鳞宝箱,采下的草,cutgrass,-40
宜居世界,2021-09-20 15:56,Bluelue,KU_ceFdllJd,龙鳞宝箱,采下的草,cutgrass,-40
宜居世界,2021-09-20 17:16,亭,KU_54sjc7tj,冰箱,暖石,heatrock,1
宜居世界,2021-09-20 17:24,蓝莓,KU_UnXy3ua0,冰箱,暖石,heatrock,-1
宜居世界,2021-09-20 17:24,蓝莓,KU_UnXy3ua0,冰箱,暖石,heatrock,1
宜居世界,2021-09-20 17:25,蓝莓,KU_UnXy3ua0,冰箱,暖石,heatrock,-1
宜居世界,2021-09-20 17:25,蓝莓,KU_UnXy3ua0,冰箱,暖石,heatrock,1
宜居世界,2021-09-20 17:27,我是qq,KU_vCuBTOFZ,冰箱,暖石,heatrock,1
宜居世界,2021-09-20 17:27,我是qq,KU_vCuBTOFZ,冰箱,暖石,heatrock,-1
宜居世界,2021-09-20 17:30,我是qq,KU_vCuBTOFZ,冰箱,暖石,heatrock,1
宜居世界,2021-09-20 17:30,我是qq,KU_vCuBTOFZ,冰箱,暖石,heatrock,-1
宜居世界,2021-09-20 17:32,蓝莓,KU_UnXy3ua0,冰箱,暖石,heatrock,1
宜居世界,2021-09-20 17:32,蓝莓,KU_UnXy3ua0,冰箱,暖石,heatrock,-1
宜居世界,2021-09-20 17:37,我是qq,KU_vCuBTOFZ,冰箱,暖石,heatrock,1
宜居世界,2021-09-20 17:37,我是qq,KU_vCuBTOFZ,冰箱,暖石,heatrock,-1
宜居世界,2021-09-20 17:39,蓝莓,KU_UnXy3ua0,龙鳞宝箱,冰魔杖,icestaff,-1
宜居世界,2021-09-20 17:41,蓝莓,KU_UnXy3ua0,龙鳞宝箱,采下的草,cutgrass,-4
宜居世界,2021-09-20 17:41,蓝莓,KU_UnXy3ua0,龙鳞宝箱,采下的草,cutgrass,1
宜居世界,2021-09-20 17:41,蓝莓,KU_UnXy3ua0,龙鳞宝箱,采下的草,cutgrass,-1
宜居世界,2021-09-20 17:41,蓝莓,KU_UnXy3ua0,龙鳞宝箱,采下的草,cutgrass,3
宜居世界,2021-09-20 17:43,蓝莓,KU_UnXy3ua0,龙鳞宝箱,冰魔杖,icestaff,1
宜居世界,2021-09-20 17:58,Mokita,KU_7A4ESdZn,冰箱,暖石,heatrock,-1
宜居世界,2021-09-20 18:00,蓝莓,KU_UnXy3ua0,冰箱,暖石,heatrock,1
宜居世界,2021-09-20 18:00,蓝莓,KU_UnXy3ua0,冰箱,腐烂物,spoiled_food,-13
宜居世界,2021-09-20 18:00,蓝莓,KU_UnXy3ua0,冰箱,暖石,heatrock,-1
宜居世界,2021-09-20 18:01,Mokita,KU_7A4ESdZn,冰箱,暖石,heatrock,1
宜居世界,2021-09-20 18:01,Mokita,KU_7A4ESdZn,冰箱,暖石,heatrock,1
宜居世界,2021-09-20 18:01,Mokita,KU_7A4ESdZn,冰箱,腐烂物,spoiled_food,-10
宜居世界,2021-09-20 18:01,Mokita,KU_7A4ESdZn,冰箱,暖石,heatrock,-1
宜居世界,2021-09-20 18:01,蓝莓,KU_UnXy3ua0,冰箱,暖石,heatrock,1
宜居世界,2021-09-20 18:01,蓝莓,KU_UnXy3ua0,冰箱,暖石,heatrock,-1
宜居世界,2021-09-20 18:04,我是qq,KU_vCuBTOFZ,冰箱,暖石,heatrock,-1
宜居世界,2021-09-20 18:06,蓝莓,KU_UnXy3ua0,冰箱,暖石,heatrock,1
宜居世界,2021-09-20 18:06,Mokita,KU_7A4ESdZn,冰箱,暖石,heatrock,1
宜居世界,2021-09-20 18:06,Mokita,KU_7A4ESdZn,冰箱,暖石,heatrock,-1
宜居世界,2021-09-20 18:16,我是qq,KU_vCuBTOFZ,箱子,粪肥,poop,-1
宜居世界,2021-09-20 18:23,我是qq,KU_vCuBTOFZ,冰箱,暖石,heatrock,-1
宜居世界,2021-09-20 18:39,Bambi,KU_SIyU7oUm,冰箱,蝴蝶翅膀,butterflywings,40
宜居世界,2021-09-20 18:39,Bambi,KU_SIyU7oUm,冰箱,蝴蝶翅膀,butterflywings,40
宜居世界,2021-09-20 18:39,Bambi,KU_SIyU7oUm,冰箱,蝴蝶翅膀,butterflywings,10
宜居世界,2021-09-20 18:43,Bambi,KU_SIyU7oUm,冰箱,蜂蜜,honey,32
宜居世界,2021-09-20 18:43,熟悉的陌生人,KU_HqKLtUPG,冰箱,蜂蜜,honey,32
宜居世界,2021-09-20 18:43,Bambi,KU_SIyU7oUm,冰箱,蝴蝶翅膀,butterflywings,-1
宜居世界,2021-09-20 18:49,我是qq,KU_vCuBTOFZ,冰箱,暖石,heatrock,1
宜居世界,2021-09-20 18:54,我是qq,KU_vCuBTOFZ,冰箱,暖石,heatrock,1
宜居世界,2021-09-20 18:54,我是qq,KU_vCuBTOFZ,冰箱,黄油,butter,1
宜居世界,2021-09-20 18:54,我是qq,KU_vCuBTOFZ,冰箱,暖石,heatrock,-1
宜居世界,2021-09-20 18:55,我是qq,KU_vCuBTOFZ,冰箱,蜂蜜,honey,-32
宜居世界,2021-09-20 18:58,Mokita,KU_7A4ESdZn,冰箱,黄油,butter,-1
宜居世界,2021-09-20 18:58,Mokita,KU_7A4ESdZn,冰箱,蝴蝶翅膀,butterflywings,-40
宜居世界,2021-09-20 18:58,Mokita,KU_7A4ESdZn,冰箱,蝴蝶翅膀,butterflywings,-40
宜居世界,2021-09-20 18:58,Mokita,KU_7A4ESdZn,冰箱,暖石,heatrock,1
宜居世界,2021-09-20 18:59,Mokita,KU_7A4ESdZn,冰箱,蝴蝶翅膀,butterflywings,20
宜居世界,2021-09-20 19:03,我是qq,KU_vCuBTOFZ,冰箱,暖石,heatrock,1
宜居世界,2021-09-20 19:03,我是qq,KU_vCuBTOFZ,冰箱,暖石,heatrock,-1
宜居世界,2021-09-20 19:03,RTDUDU,KU_V_2d0zby,冰箱,蝴蝶翅膀,butterflywings,19
宜居世界,2021-09-20 19:03,RTDUDU,KU_V_2d0zby,冰箱,小肉,smallmeat,1
宜居世界,2021-09-20 19:04,RTDUDU,KU_V_2d0zby,冰箱,种子,seeds,2
宜居世界,2021-09-20 19:08,Mokita,KU_7A4ESdZn,冰箱,蝴蝶翅膀,butterflywings,-19
宜居世界,2021-09-20 19:09,RTDUDU,KU_V_2d0zby,冰箱,蝴蝶翅膀,butterflywings,2
宜居世界,2021-09-20 19:09,RTDUDU,KU_V_2d0zby,冰箱,蝴蝶翅膀,butterflywings,-1
宜居世界,2021-09-20 19:09,RTDUDU,KU_V_2d0zby,冰箱,蝴蝶翅膀,butterflywings,5
宜居世界,2021-09-20 19:09,熟悉的陌生人,KU_HqKLtUPG,冰箱,蝴蝶翅膀,butterflywings,-5
宜居世界,2021-09-20 19:10,RTDUDU,KU_V_2d0zby,冰箱,蝴蝶翅膀,butterflywings,3
宜居世界,2021-09-20 19:18,Bambi,KU_SIyU7oUm,冰箱,蝴蝶翅膀,butterflywings,-1
宜居世界,2021-09-20 19:18,Bambi,KU_SIyU7oUm,冰箱,蝴蝶翅膀,butterflywings,-40
宜居世界,2021-09-20 19:18,熟悉的陌生人,KU_HqKLtUPG,冰箱,蝴蝶翅膀,butterflywings,-40
宜居世界,2021-09-20 19:18,Bambi,KU_SIyU7oUm,冰箱,蝴蝶翅膀,butterflywings,26
宜居世界,2021-09-20 19:18,熟悉的陌生人,KU_HqKLtUPG,冰箱,蝴蝶翅膀,butterflywings,26
宜居世界,2021-09-20 19:18,Bambi,KU_SIyU7oUm,冰箱,蝴蝶翅膀,butterflywings,26
宜居世界,2021-09-20 19:18,熟悉的陌生人,KU_HqKLtUPG,冰箱,蝴蝶翅膀,butterflywings,26
宜居世界,2021-09-20 19:25,黢黑,KU_MAFS6p_H,龙鳞宝箱,风干肉,meat_dried,20
宜居世界,2021-09-20 19:25,黢黑,KU_MAFS6p_H,龙鳞宝箱,风干肉,meat_dried,20
宜居世界,2021-09-20 19:25,黢黑,KU_MAFS6p_H,龙鳞宝箱,风干肉,meat_dried,20
宜居世界,2021-09-20 19:25,黢黑,KU_MAFS6p_H,龙鳞宝箱,风干肉,meat_dried,20
宜居世界,2021-09-20 19:27,Mokita,KU_7A4ESdZn,冰箱,蝴蝶翅膀,butterflywings,13
宜居世界,2021-09-20 19:27,Mokita,KU_7A4ESdZn,冰箱,蝴蝶翅膀,butterflywings,-40
宜居世界,2021-09-20 19:27,Mokita,KU_7A4ESdZn,冰箱,蝴蝶翅膀,butterflywings,-13
宜居世界,2021-09-20 19:27,Mokita,KU_7A4ESdZn,冰箱,蝴蝶翅膀,butterflywings,-40
宜居世界,2021-09-20 19:28,Mokita,KU_7A4ESdZn,冰箱,蝴蝶翅膀,butterflywings,9
宜居世界,2021-09-20 19:30,Mokita,KU_7A4ESdZn,冰箱,小肉,smallmeat,-1
宜居世界,2021-09-20 19:34,熟悉的陌生人,KU_HqKLtUPG,冰箱,蝴蝶翅膀,butterflywings,9
宜居世界,2021-09-20 19:42,亭,KU_54sjc7tj,冰箱,蝴蝶翅膀,butterflywings,18
宜居世界,2021-09-20 19:42,亭,KU_54sjc7tj,冰箱,黄油,butter,1
宜居世界,2021-09-20 19:42,熟悉的陌生人,KU_HqKLtUPG,冰箱,蝴蝶翅膀,butterflywings,-18
宜居世界,2021-09-20 19:42,熟悉的陌生人,KU_HqKLtUPG,冰箱,蝴蝶翅膀,butterflywings,10
宜居世界,2021-09-20 19:42,Mokita,KU_7A4ESdZn,冰箱,黄油,butter,-1
宜居世界,2021-09-20 19:43,Mokita,KU_7A4ESdZn,冰箱,蝴蝶翅膀,butterflywings,-40
宜居世界,2021-09-20 19:43,Mokita,KU_7A4ESdZn,冰箱,蝴蝶翅膀,butterflywings,-40
宜居世界,2021-09-20 19:51,亭,KU_54sjc7tj,冰箱,蝴蝶翅膀,butterflywings,21
宜居世界,2021-09-20 19:55,Mokita,KU_7A4ESdZn,冰箱,蝴蝶翅膀,butterflywings,-12
宜居世界,2021-09-20 19:55,Mokita,KU_7A4ESdZn,冰箱,蝴蝶翅膀,butterflywings,3
宜居世界,2021-09-20 19:55,Mokita,KU_7A4ESdZn,冰箱,蝴蝶翅膀,butterflywings,-3
宜居世界,2021-09-20 19:55,熟悉的陌生人,KU_HqKLtUPG,冰箱,蝴蝶翅膀,butterflywings,-3
宜居世界,2021-09-20 19:55,Mokita,KU_7A4ESdZn,冰箱,蝴蝶翅膀,butterflywings,-40
宜居世界,2021-09-20 19:55,熟悉的陌生人,KU_HqKLtUPG,冰箱,蝴蝶翅膀,butterflywings,-40
宜居世界,2021-09-20 19:55,Mokita,KU_7A4ESdZn,冰箱,蝴蝶翅膀,butterflywings,32
宜居世界,2021-09-20 19:55,熟悉的陌生人,KU_HqKLtUPG,冰箱,蝴蝶翅膀,butterflywings,32
宜居世界,2021-09-20 19:55,Mokita,KU_7A4ESdZn,冰箱,蝴蝶翅膀,butterflywings,-32
宜居世界,2021-09-20 19:55,熟悉的陌生人,KU_HqKLtUPG,冰箱,蝴蝶翅膀,butterflywings,-32
宜居世界,2021-09-20 19:55,Mokita,KU_7A4ESdZn,冰箱,蝴蝶翅膀,butterflywings,29
宜居世界,2021-09-20 19:55,熟悉的陌生人,KU_HqKLtUPG,冰箱,蝴蝶翅膀,butterflywings,29
宜居世界,2021-09-20 19:57,971768332,KU_pvwb-YlE,冰箱,暖石,heatrock,1
宜居世界,2021-09-20 20:02,Mokita,KU_7A4ESdZn,冰箱,蝴蝶翅膀,butterflywings,-40
宜居世界,2021-09-20 20:02,Mokita,KU_7A4ESdZn,冰箱,蝴蝶翅膀,butterflywings,30
宜居世界,2021-09-20 20:06,Mokita,KU_7A4ESdZn,冰箱,蝴蝶翅膀,butterflywings,30
宜居世界,2021-09-20 20:12,熟悉的陌生人,KU_HqKLtUPG,冰箱,蝴蝶翅膀,butterflywings,-30
宜居世界,2021-09-20 20:12,熟悉的陌生人,KU_HqKLtUPG,冰箱,蝴蝶翅膀,butterflywings,17
宜居世界,2021-09-20 20:15,熟悉的陌生人,KU_HqKLtUPG,冰箱,蝴蝶翅膀,butterflywings,31
宜居世界,2021-09-20 20:16,971768332,KU_pvwb-YlE,龙鳞宝箱,怪物肉干,monstermeat_dried,20
宜居世界,2021-09-20 20:16,971768332,KU_pvwb-YlE,龙鳞宝箱,怪物肉干,monstermeat_dried,-20
宜居世界,2021-09-20 20:16,971768332,KU_pvwb-YlE,冰箱,怪物肉干,monstermeat_dried,20
宜居世界,2021-09-20 20:17,Mokita,KU_7A4ESdZn,冰箱,蝴蝶翅膀,butterflywings,-32
宜居世界,2021-09-20 20:17,Mokita,KU_7A4ESdZn,冰箱,蝴蝶翅膀,butterflywings,17
宜居世界,2021-09-20 20:20,Mokita,KU_7A4ESdZn,冰箱,怪物肉,monstermeat,2
宜居世界,2021-09-20 20:20,Mokita,KU_7A4ESdZn,冰箱,蝴蝶翅膀,butterflywings,-40
宜居世界,2021-09-20 20:20,Mokita,KU_7A4ESdZn,冰箱,蝴蝶翅膀,butterflywings,-40
宜居世界,2021-09-20 20:25,Mokita,KU_7A4ESdZn,冰箱,蝴蝶翅膀,butterflywings,-31
宜居世界,2021-09-20 20:25,Mokita,KU_7A4ESdZn,冰箱,蝴蝶翅膀,butterflywings,12
宜居世界,2021-09-20 20:30,千层套路,KU_0vPtVpg3,冰箱,蝴蝶翅膀,butterflywings,-40
宜居世界,2021-09-20 20:31,Mokita,KU_7A4ESdZn,冰箱,蝴蝶翅膀,butterflywings,16
宜居世界,2021-09-20 20:31,Mokita,KU_7A4ESdZn,冰箱,蝴蝶翅膀,butterflywings,-16
宜居世界,2021-09-20 20:32,Mokita,KU_7A4ESdZn,冰箱,蝴蝶翅膀,butterflywings,10
宜居世界,2021-09-20 20:32,西本文代.,KU_2TeWmK-K,菌伞灯,圣诞灯,winter_ornament_light4,-1
宜居世界,2021-09-20 20:32,西本文代.,KU_2TeWmK-K,菌伞灯,圣诞灯,winter_ornament_light4,1
宜居世界,2021-09-20 20:32,西本文代.,KU_2TeWmK-K,菌伞灯,圣诞灯,winter_ornament_light4,-1
宜居世界,2021-09-20 20:32,西本文代.,KU_2TeWmK-K,菌伞灯,圣诞灯,winter_ornament_light4,1
宜居世界,2021-09-20 20:32,西本文代.,KU_2TeWmK-K,菌伞灯,圣诞灯,winter_ornament_light4,-1
宜居世界,2021-09-20 20:33,西本文代.,KU_2TeWmK-K,菌伞灯,圣诞灯,winter_ornament_light4,1
宜居世界,2021-09-20 20:46,Mokita,KU_7A4ESdZn,冰箱,蝴蝶翅膀,butterflywings,-14
宜居世界,2021-09-20 20:50,971768332,KU_pvwb-YlE,冰箱,蜂蜜,honey,40
宜居世界,2021-09-20 20:50,971768332,KU_pvwb-YlE,冰箱,蜂蜜,honey,40
宜居世界,2021-09-20 20:50,971768332,KU_pvwb-YlE,冰箱,蜂蜜,honey,15
宜居世界,2021-09-20 20:50,971768332,KU_pvwb-YlE,冰箱,蜂蜜,honey,40
宜居世界,2021-09-20 20:50,971768332,KU_pvwb-YlE,冰箱,蜂蜜,honey,40
宜居世界,2021-09-20 20:50,971768332,KU_pvwb-YlE,冰箱,浆果,berries,40
宜居世界,2021-09-20 20:54,971768332,KU_pvwb-YlE,冰箱,蜂蜜,honey,-33
宜居世界,2021-09-20 20:57,971768332,KU_pvwb-YlE,冰箱,蜂蜜,honey,-40
宜居世界,2021-09-20 20:57,971768332,KU_pvwb-YlE,冰箱,蜂蜜,honey,3
宜居世界,2021-09-20 21:00,971768332,KU_pvwb-YlE,冰箱,浆果,berries,36
宜居世界,2021-09-20 21:00,971768332,KU_pvwb-YlE,冰箱,浆果,berries,36
宜居世界,2021-09-20 21:03,帕克,KU_tvX4yJ-x,冰箱,浆果,berries,-40
宜居世界,2021-09-20 21:03,971768332,KU_pvwb-YlE,冰箱,蜂蜜,honey,20
宜居世界,2021-09-20 21:03,971768332,KU_pvwb-YlE,冰箱,浆果,berries,-36
宜居世界,2021-09-20 21:03,971768332,KU_pvwb-YlE,冰箱,蜂蜜,honey,-3
宜居世界,2021-09-20 21:03,971768332,KU_pvwb-YlE,冰箱,蜂蜜,honey,2
宜居世界,2021-09-20 21:04,971768332,KU_pvwb-YlE,冰箱,蜂蜜,honey,-40
宜居世界,2021-09-20 21:04,971768332,KU_pvwb-YlE,冰箱,蜂蜜,honey,-20
宜居世界,2021-09-20 21:04,971768332,KU_pvwb-YlE,冰箱,蜂蜜,honey,-22
宜居世界,2021-09-20 21:04,971768332,KU_pvwb-YlE,冰箱,蜂蜜,honey,7
宜居世界,2021-09-20 21:04,971768332,KU_pvwb-YlE,冰箱,蜂蜜,honey,-40
宜居世界,2021-09-20 21:04,971768332,KU_pvwb-YlE,冰箱,蜂蜜,honey,-40
宜居世界,2021-09-20 21:04,971768332,KU_pvwb-YlE,冰箱,浆果,berries,-40
宜居世界,2021-09-20 21:06,Captain_SOAP,KU_dwt6dUe0,冰箱,蜂王浆,royal_jelly,5
宜居世界,2021-09-20 21:06,Captain_SOAP,KU_dwt6dUe0,冰箱,蜂王浆,royal_jelly,-6
宜居世界,2021-09-20 21:06,Captain_SOAP,KU_dwt6dUe0,冰箱,浆果,berries,15
宜居世界,2021-09-20 21:06,Captain_SOAP,KU_dwt6dUe0,冰箱,浆果,berries,-16
宜居世界,2021-09-20 21:06,Captain_SOAP,KU_dwt6dUe0,冰箱,浆果,berries,14
宜居世界,2021-09-20 21:06,Captain_SOAP,KU_dwt6dUe0,冰箱,浆果,berries,-15
宜居世界,2021-09-20 21:06,Captain_SOAP,KU_dwt6dUe0,冰箱,浆果,berries,-14
宜居世界,2021-09-20 21:06,Captain_SOAP,KU_dwt6dUe0,冰箱,浆果,berries,13
宜居世界,2021-09-20 21:06,Captain_SOAP,KU_dwt6dUe0,冰箱,蜂王浆,royal_jelly,-5
宜居世界,2021-09-20 21:06,Captain_SOAP,KU_dwt6dUe0,冰箱,蜂王浆,royal_jelly,4
宜居世界,2021-09-20 21:06,Captain_SOAP,KU_dwt6dUe0,冰箱,浆果,berries,12
宜居世界,2021-09-20 21:06,Captain_SOAP,KU_dwt6dUe0,冰箱,浆果,berries,-13
宜居世界,2021-09-20 21:06,Captain_SOAP,KU_dwt6dUe0,冰箱,浆果,berries,-12
宜居世界,2021-09-20 21:06,Captain_SOAP,KU_dwt6dUe0,冰箱,浆果,berries,11
宜居世界,2021-09-20 21:06,Captain_SOAP,KU_dwt6dUe0,冰箱,浆果,berries,-11
宜居世界,2021-09-20 21:06,Captain_SOAP,KU_dwt6dUe0,冰箱,浆果,berries,10
宜居世界,2021-09-20 21:07,Captain_SOAP,KU_dwt6dUe0,箱子,石墙,wall_stone_item,-1
宜居世界,2021-09-20 21:07,Captain_SOAP,KU_dwt6dUe0,箱子,石砖,cutstone,-6
宜居世界,2021-09-20 21:07,Captain_SOAP,KU_dwt6dUe0,箱子,石砖,cutstone,4
宜居世界,2021-09-20 21:07,Captain_SOAP,KU_dwt6dUe0,箱子,石墙,wall_stone_item,4
宜居世界,2021-09-20 21:07,Captain_SOAP,KU_dwt6dUe0,箱子,腐烂物,spoiled_food,-1
宜居世界,2021-09-20 21:07,Captain_SOAP,KU_dwt6dUe0,箱子,腐烂物,spoiled_food,-4
宜居世界,2021-09-20 21:07,Captain_SOAP,KU_dwt6dUe0,箱子,腐烂物,spoiled_food,20
宜居世界,2021-09-20 21:07,Captain_SOAP,KU_dwt6dUe0,箱子,腐烂物,spoiled_food,-20
宜居世界,2021-09-20 21:10,Captain_SOAP,KU_dwt6dUe0,箱子,种子,seeds,1
宜居世界,2021-09-20 21:10,Captain_SOAP,KU_dwt6dUe0,冰箱,鸟腿,drumstick,10
宜居世界,2021-09-20 21:10,Captain_SOAP,KU_dwt6dUe0,冰箱,鸟腿,drumstick,9
宜居世界,2021-09-20 21:10,Captain_SOAP,KU_dwt6dUe0,冰箱,鸟腿,drumstick,-10
宜居世界,2021-09-20 21:10,Captain_SOAP,KU_dwt6dUe0,冰箱,鸟腿,drumstick,-9
宜居世界,2021-09-20 21:10,Captain_SOAP,KU_dwt6dUe0,冰箱,鸟腿,drumstick,8
宜居世界,2021-09-20 21:10,Captain_SOAP,KU_dwt6dUe0,冰箱,怪物肉,monstermeat,7
宜居世界,2021-09-20 21:10,Captain_SOAP,KU_dwt6dUe0,冰箱,怪物肉,monstermeat,-8
宜居世界,2021-09-20 21:10,Captain_SOAP,KU_dwt6dUe0,冰箱,浆果,berries,9
宜居世界,2021-09-20 21:10,Captain_SOAP,KU_dwt6dUe0,冰箱,浆果,berries,-10
宜居世界,2021-09-20 21:10,Captain_SOAP,KU_dwt6dUe0,冰箱,蜂王浆,royal_jelly,3
宜居世界,2021-09-20 21:10,Captain_SOAP,KU_dwt6dUe0,冰箱,蜂王浆,royal_jelly,-4
宜居世界,2021-09-20 21:10,Captain_SOAP,KU_dwt6dUe0,冰箱,浆果,berries,-9
宜居世界,2021-09-20 21:10,Captain_SOAP,KU_dwt6dUe0,冰箱,浆果,berries,8
宜居世界,2021-09-20 21:10,Captain_SOAP,KU_dwt6dUe0,冰箱,浆果,berries,-8
宜居世界,2021-09-20 21:10,Captain_SOAP,KU_dwt6dUe0,冰箱,浆果,berries,7
宜居世界,2021-09-20 21:10,Captain_SOAP,KU_dwt6dUe0,冰箱,浆果,berries,6
宜居世界,2021-09-20 21:10,Captain_SOAP,KU_dwt6dUe0,冰箱,浆果,berries,-7
宜居世界,2021-09-20 21:11,Captain_SOAP,KU_dwt6dUe0,冰箱,蜂王浆,royal_jelly,2
宜居世界,2021-09-20 21:11,Captain_SOAP,KU_dwt6dUe0,冰箱,蜂王浆,royal_jelly,-3
宜居世界,2021-09-20 21:11,Captain_SOAP,KU_dwt6dUe0,冰箱,浆果,berries,27
宜居世界,2021-09-20 21:11,Captain_SOAP,KU_dwt6dUe0,冰箱,浆果,berries,-28
宜居世界,2021-09-20 21:11,Captain_SOAP,KU_dwt6dUe0,冰箱,浆果,berries,-27
宜居世界,2021-09-20 21:11,Captain_SOAP,KU_dwt6dUe0,冰箱,浆果,berries,26
宜居世界,2021-09-20 21:11,Captain_SOAP,KU_dwt6dUe0,冰箱,浆果,berries,25
宜居世界,2021-09-20 21:11,Captain_SOAP,KU_dwt6dUe0,冰箱,浆果,berries,-26
宜居世界,2021-09-20 21:11,Captain_SOAP,KU_dwt6dUe0,冰箱,蜂王浆,royal_jelly,1
宜居世界,2021-09-20 21:11,Captain_SOAP,KU_dwt6dUe0,冰箱,蜂王浆,royal_jelly,-2
宜居世界,2021-09-20 21:11,Captain_SOAP,KU_dwt6dUe0,冰箱,浆果,berries,24
宜居世界,2021-09-20 21:11,Captain_SOAP,KU_dwt6dUe0,冰箱,浆果,berries,-25
宜居世界,2021-09-20 21:11,Captain_SOAP,KU_dwt6dUe0,冰箱,浆果,berries,-24
宜居世界,2021-09-20 21:11,Captain_SOAP,KU_dwt6dUe0,冰箱,浆果,berries,23
宜居世界,2021-09-20 21:11,Captain_SOAP,KU_dwt6dUe0,冰箱,浆果,berries,22
宜居世界,2021-09-20 21:11,Captain_SOAP,KU_dwt6dUe0,冰箱,浆果,berries,-23
宜居世界,2021-09-20 21:12,Captain_SOAP,KU_dwt6dUe0,冰箱,浆果,berries,22
宜居世界,2021-09-20 21:12,Captain_SOAP,KU_dwt6dUe0,冰箱,蜂王浆,royal_jelly,-1
宜居世界,2021-09-20 21:12,Captain_SOAP,KU_dwt6dUe0,冰箱,浆果,berries,39
宜居世界,2021-09-20 21:12,Captain_SOAP,KU_dwt6dUe0,冰箱,浆果,berries,-40
宜居世界,2021-09-20 21:12,Captain_SOAP,KU_dwt6dUe0,冰箱,浆果,berries,21
宜居世界,2021-09-20 21:12,Captain_SOAP,KU_dwt6dUe0,冰箱,浆果,berries,-22
宜居世界,2021-09-20 21:12,Captain_SOAP,KU_dwt6dUe0,冰箱,浆果,berries,-21
宜居世界,2021-09-20 21:12,Captain_SOAP,KU_dwt6dUe0,冰箱,浆果,berries,20
宜居世界,2021-09-20 21:12,Captain_SOAP,KU_dwt6dUe0,冰箱,浆果,berries,-20
宜居世界,2021-09-20 21:12,Captain_SOAP,KU_dwt6dUe0,冰箱,浆果,berries,19
宜居世界,2021-09-20 21:12,Captain_SOAP,KU_dwt6dUe0,冰箱,怪物肉,monstermeat,6
宜居世界,2021-09-20 21:12,Captain_SOAP,KU_dwt6dUe0,冰箱,怪物肉,monstermeat,-7
宜居世界,2021-09-20 21:12,Captain_SOAP,KU_dwt6dUe0,冰箱,浆果,berries,-19
宜居世界,2021-09-20 21:12,Captain_SOAP,KU_dwt6dUe0,冰箱,浆果,berries,18
宜居世界,2021-09-20 21:12,Captain_SOAP,KU_dwt6dUe0,冰箱,浆果,berries,-18
宜居世界,2021-09-20 21:12,Captain_SOAP,KU_dwt6dUe0,冰箱,浆果,berries,17
宜居世界,2021-09-20 21:12,Captain_SOAP,KU_dwt6dUe0,冰箱,蜂蜜,honey,-6
宜居世界,2021-09-20 21:12,Captain_SOAP,KU_dwt6dUe0,冰箱,蜂蜜,honey,5
宜居世界,2021-09-20 21:13,Captain_SOAP,KU_dwt6dUe0,冰箱,鸟腿,drumstick,-8
宜居世界,2021-09-20 21:13,Captain_SOAP,KU_dwt6dUe0,冰箱,鸟腿,drumstick,7
宜居世界,2021-09-20 21:13,Captain_SOAP,KU_dwt6dUe0,冰箱,鸟腿,drumstick,-7
宜居世界,2021-09-20 21:13,Captain_SOAP,KU_dwt6dUe0,冰箱,鸟腿,drumstick,6
宜居世界,2021-09-20 21:13,Captain_SOAP,KU_dwt6dUe0,冰箱,浆果,berries,-17
宜居世界,2021-09-20 21:13,Captain_SOAP,KU_dwt6dUe0,冰箱,浆果,berries,16
宜居世界,2021-09-20 21:13,Captain_SOAP,KU_dwt6dUe0,冰箱,怪物肉,monstermeat,5
宜居世界,2021-09-20 21:13,Captain_SOAP,KU_dwt6dUe0,冰箱,怪物肉,monstermeat,-6
宜居世界,2021-09-20 21:13,Captain_SOAP,KU_dwt6dUe0,冰箱,鸟腿,drumstick,5
宜居世界,2021-09-20 21:13,Captain_SOAP,KU_dwt6dUe0,冰箱,鸟腿,drumstick,-6
宜居世界,2021-09-20 21:13,Captain_SOAP,KU_dwt6dUe0,冰箱,鸟腿,drumstick,-5
宜居世界,2021-09-20 21:13,Captain_SOAP,KU_dwt6dUe0,冰箱,鸟腿,drumstick,4
宜居世界,2021-09-20 21:13,Captain_SOAP,KU_dwt6dUe0,冰箱,浆果,berries,-16
宜居世界,2021-09-20 21:13,Captain_SOAP,KU_dwt6dUe0,冰箱,浆果,berries,15
宜居世界,2021-09-20 21:13,Captain_SOAP,KU_dwt6dUe0,冰箱,怪物肉,monstermeat,-5
宜居世界,2021-09-20 21:13,Captain_SOAP,KU_dwt6dUe0,冰箱,怪物肉,monstermeat,4
宜居世界,2021-09-20 21:14,Captain_SOAP,KU_dwt6dUe0,冰箱,鸟腿,drumstick,-4
宜居世界,2021-09-20 21:14,Captain_SOAP,KU_dwt6dUe0,冰箱,鸟腿,drumstick,3
宜居世界,2021-09-20 21:14,Captain_SOAP,KU_dwt6dUe0,冰箱,鸟腿,drumstick,-3
宜居世界,2021-09-20 21:14,Captain_SOAP,KU_dwt6dUe0,冰箱,鸟腿,drumstick,2
宜居世界,2021-09-20 21:14,Captain_SOAP,KU_dwt6dUe0,冰箱,浆果,berries,-15
宜居世界,2021-09-20 21:14,Captain_SOAP,KU_dwt6dUe0,冰箱,浆果,berries,14
宜居世界,2021-09-20 21:14,Captain_SOAP,KU_dwt6dUe0,冰箱,怪物肉,monstermeat,3
宜居世界,2021-09-20 21:14,Captain_SOAP,KU_dwt6dUe0,冰箱,怪物肉,monstermeat,-4
宜居世界,2021-09-20 21:14,Captain_SOAP,KU_dwt6dUe0,冰箱,鸟腿,drumstick,-2
宜居世界,2021-09-20 21:14,Captain_SOAP,KU_dwt6dUe0,冰箱,鸟腿,drumstick,1
宜居世界,2021-09-20 21:14,Captain_SOAP,KU_dwt6dUe0,冰箱,鸟腿,drumstick,-1
宜居世界,2021-09-20 21:14,Captain_SOAP,KU_dwt6dUe0,冰箱,浆果,berries,13
宜居世界,2021-09-20 21:14,Captain_SOAP,KU_dwt6dUe0,冰箱,浆果,berries,-14
宜居世界,2021-09-20 21:14,Captain_SOAP,KU_dwt6dUe0,冰箱,怪物肉,monstermeat,-3
宜居世界,2021-09-20 21:14,Captain_SOAP,KU_dwt6dUe0,冰箱,怪物肉,monstermeat,2
宜居世界,2021-09-20 21:15,Captain_SOAP,KU_dwt6dUe0,冰箱,浆果,berries,-40
宜居世界,2021-09-20 21:15,Captain_SOAP,KU_dwt6dUe0,冰箱,怪物肉,monstermeat,1
宜居世界,2021-09-20 21:15,Captain_SOAP,KU_dwt6dUe0,冰箱,怪物肉,monstermeat,-2
宜居世界,2021-09-20 21:15,Captain_SOAP,KU_dwt6dUe0,冰箱,浆果,berries,-13
宜居世界,2021-09-20 21:15,Captain_SOAP,KU_dwt6dUe0,冰箱,浆果,berries,12
宜居世界,2021-09-20 21:15,Captain_SOAP,KU_dwt6dUe0,冰箱,浆果,berries,-12
宜居世界,2021-09-20 21:15,Captain_SOAP,KU_dwt6dUe0,冰箱,浆果,berries,11
宜居世界,2021-09-20 21:15,Captain_SOAP,KU_dwt6dUe0,冰箱,浆果,berries,-11
宜居世界,2021-09-20 21:15,Captain_SOAP,KU_dwt6dUe0,冰箱,浆果,berries,10
宜居世界,2021-09-20 21:15,Captain_SOAP,KU_dwt6dUe0,冰箱,怪物肉,monstermeat,-1
宜居世界,2021-09-20 21:15,Captain_SOAP,KU_dwt6dUe0,冰箱,浆果,berries,9
宜居世界,2021-09-20 21:15,Captain_SOAP,KU_dwt6dUe0,冰箱,浆果,berries,-10
宜居世界,2021-09-20 21:15,Captain_SOAP,KU_dwt6dUe0,冰箱,浆果,berries,-9
宜居世界,2021-09-20 21:15,Captain_SOAP,KU_dwt6dUe0,冰箱,浆果,berries,8
宜居世界,2021-09-20 21:15,Captain_SOAP,KU_dwt6dUe0,冰箱,浆果,berries,-8
宜居世界,2021-09-20 21:15,Captain_SOAP,KU_dwt6dUe0,冰箱,浆果,berries,7
宜居世界,2021-09-20 21:16,Captain_SOAP,KU_dwt6dUe0,冰箱,蜂蜜,honey,-5
宜居世界,2021-09-20 21:16,Captain_SOAP,KU_dwt6dUe0,冰箱,浆果,berries,-7
宜居世界,2021-09-20 22:05,蓝莓,KU_UnXy3ua0,龙鳞宝箱,暖石,heatrock,1
宜居世界,2021-09-20 22:05,蓝莓,KU_UnXy3ua0,龙鳞宝箱,暖石,heatrock,1
宜居世界,2021-09-20 22:05,蓝莓,KU_UnXy3ua0,龙鳞宝箱,暖石,heatrock,1
宜居世界,2021-09-20 22:05,蓝莓,KU_UnXy3ua0,龙鳞宝箱,可靠的胶布,sewing_tape,-15
宜居世界,2021-09-20 22:05,蓝莓,KU_UnXy3ua0,龙鳞宝箱,可靠的胶布,sewing_tape,14
宜居世界,2021-09-20 22:05,蓝莓,KU_UnXy3ua0,龙鳞宝箱,可靠的胶布,sewing_tape,-14
宜居世界,2021-09-20 22:05,蓝莓,KU_UnXy3ua0,龙鳞宝箱,可靠的胶布,sewing_tape,13
宜居世界,2021-09-20 22:05,蓝莓,KU_UnXy3ua0,龙鳞宝箱,暖石,heatrock,-1
和平世界,2021-09-20 15:40,RTDUDU,KU_V_2d0zby,冰箱,牛肉绿叶菜,meatysalad,3
和平世界,2021-09-20 15:48,我是qq,KU_vCuBTOFZ,龙鳞宝箱,步行手杖,cane,-1
和平世界,2021-09-20 15:48,我是qq,KU_vCuBTOFZ,龙鳞宝箱,懒人魔杖,orangestaff,-1
和平世界,2021-09-20 15:48,我是qq,KU_vCuBTOFZ,龙鳞宝箱,风干肉,meat_dried,-20
和平世界,2021-09-20 15:48,我是qq,KU_vCuBTOFZ,龙鳞宝箱,风干肉,meat_dried,20
和平世界,2021-09-20 15:59,RTDUDU,KU_V_2d0zby,龙鳞宝箱,腐烂物,spoiled_food,10
和平世界,2021-09-20 15:59,RTDUDU,KU_V_2d0zby,龙鳞宝箱,腐烂物,spoiled_food,10
和平世界,2021-09-20 15:59,RTDUDU,KU_V_2d0zby,龙鳞宝箱,腐烂物,spoiled_food,10
和平世界,2021-09-20 15:59,RTDUDU,KU_V_2d0zby,龙鳞宝箱,腐烂物,spoiled_food,10
和平世界,2021-09-20 15:59,RTDUDU,KU_V_2d0zby,龙鳞宝箱,腐烂物,spoiled_food,10
和平世界,2021-09-20 15:59,RTDUDU,KU_V_2d0zby,龙鳞宝箱,腐烂物,spoiled_food,10
和平世界,2021-09-20 15:59,RTDUDU,KU_V_2d0zby,龙鳞宝箱,腐烂物,spoiled_food,10
和平世界,2021-09-20 16:19,Dream Lord,KU_e-2-CpKC,龙鳞宝箱,风干肉,meat_dried,4
和平世界,2021-09-20 16:20,RTDUDU,KU_V_2d0zby,龙鳞宝箱,腐烂物,spoiled_food,-10
和平世界,2021-09-20 16:27,Dream Lord,KU_e-2-CpKC,冰箱,荧光果,lightbulb,20
和平世界,2021-09-20 16:33,RTDUDU,KU_V_2d0zby,龙鳞宝箱,腐烂物,spoiled_food,-40
和平世界,2021-09-20 16:33,RTDUDU,KU_V_2d0zby,龙鳞宝箱,腐烂物,spoiled_food,-40
和平世界,2021-09-20 16:33,RTDUDU,KU_V_2d0zby,龙鳞宝箱,腐烂物,spoiled_food,-40
和平世界,2021-09-20 16:33,RTDUDU,KU_V_2d0zby,龙鳞宝箱,腐烂物,spoiled_food,-40
和平世界,2021-09-20 16:33,RTDUDU,KU_V_2d0zby,龙鳞宝箱,腐烂物,spoiled_food,-40
和平世界,2021-09-20 16:33,RTDUDU,KU_V_2d0zby,龙鳞宝箱,腐烂物,spoiled_food,-40
和平世界,2021-09-20 16:35,RTDUDU,KU_V_2d0zby,冰箱,牛肉绿叶菜,meatysalad,-3
和平世界,2021-09-20 16:45,wdnmd,KU_Zzh0_NKh,冰箱,暖石,heatrock,1
和平世界,2021-09-20 16:49,RTDUDU,KU_V_2d0zby,冰箱,牛肉绿叶菜,meatysalad,5
和平世界,2021-09-20 16:53,wdnmd,KU_Zzh0_NKh,冰箱,暖石,heatrock,-1
和平世界,2021-09-20 16:53,wdnmd,KU_Zzh0_NKh,冰箱,暖石,heatrock,1
和平世界,2021-09-20 16:53,wdnmd,KU_Zzh0_NKh,冰箱,暖石,heatrock,-1
和平世界,2021-09-20 16:56,wdnmd,KU_Zzh0_NKh,冰箱,暖石,heatrock,1
和平世界,2021-09-20 16:56,wdnmd,KU_Zzh0_NKh,冰箱,暖石,heatrock,-1
和平世界,2021-09-20 17:07,RTDUDU,KU_V_2d0zby,龙鳞宝箱,黄金园艺锄,golden_farm_hoe,1
和平世界,2021-09-20 17:07,RTDUDU,KU_V_2d0zby,龙鳞宝箱,黄金铲子,goldenshovel,1
和平世界,2021-09-20 17:12,wdnmd,KU_Zzh0_NKh,冰箱,暖石,heatrock,1
和平世界,2021-09-20 17:12,wdnmd,KU_Zzh0_NKh,冰箱,暖石,heatrock,-1
和平世界,2021-09-20 18:22,Bluelue,KU_ceFdllJd,箱子,{item}草图,sketch,-1
和平世界,2021-09-20 18:23,Bluelue,KU_ceFdllJd,箱子,戈尔迪之结,trinket_3,-1
和平世界,2021-09-20 18:23,Bluelue,KU_ceFdllJd,箱子,沙滩玩具,antliontrinket,-1
和平世界,2021-09-20 18:23,Bluelue,KU_ceFdllJd,箱子,硬化橡胶塞,trinket_8,-1
和平世界,2021-09-20 18:24,Bluelue,KU_ceFdllJd,冰箱,暖石,heatrock,-1
和平世界,2021-09-20 18:40,一笑心火,KU_cPYKIGqH,箱子,蓝宝石,bluegem,-2
和平世界,2021-09-20 18:40,一笑心火,KU_cPYKIGqH,箱子,蓝宝石,bluegem,1
和平世界,2021-09-20 19:48,一笑心火,KU_cPYKIGqH,箱子,蓝宝石,bluegem,-1
和平世界,2021-09-20 20:00,一笑心火,KU_cPYKIGqH,箱子,锤子,hammer,-1
和平世界,2021-09-20 20:01,一笑心火,KU_cPYKIGqH,箱子,锤子,hammer,1
和平世界,2021-09-20 20:06,一笑心火,KU_cPYKIGqH,冰箱,腐烂物,spoiled_food,-3
和平世界,2021-09-20 20:12,一笑心火,KU_cPYKIGqH,箱子,锤子,hammer,-1
和平世界,2021-09-20 20:12,一笑心火,KU_cPYKIGqH,箱子,锤子,hammer,-1
和平世界,2021-09-20 20:28,小可圬,KU_p843wC4e,盐盒,多汁浆果,berries_juicy,12
和平世界,2021-09-20 20:28,小可圬,KU_p843wC4e,盐盒,肉,meat,14
和平世界,2021-09-20 20:28,小可圬,KU_p843wC4e,盐盒,怪物肉,monstermeat,8
和平世界,2021-09-20 20:28,小可圬,KU_p843wC4e,盐盒,肉,meat,13
和平世界,2021-09-20 20:28,小可圬,KU_p843wC4e,盐盒,肉,meat,-14
和平世界,2021-09-20 20:28,小可圬,KU_p843wC4e,盐盒,肉,meat,12
和平世界,2021-09-20 20:28,小可圬,KU_p843wC4e,盐盒,肉,meat,-13
和平世界,2021-09-20 20:28,小可圬,KU_p843wC4e,盐盒,怪物肉,monstermeat,-8
和平世界,2021-09-20 20:28,小可圬,KU_p843wC4e,盐盒,怪物肉,monstermeat,7
和平世界,2021-09-20 20:28,小可圬,KU_p843wC4e,盐盒,多汁浆果,berries_juicy,11
和平世界,2021-09-20 20:28,小可圬,KU_p843wC4e,盐盒,多汁浆果,berries_juicy,-12
和平世界,2021-09-20 20:28,小可圬,KU_p843wC4e,盐盒,肉,meat,-12
和平世界,2021-09-20 20:28,小可圬,KU_p843wC4e,盐盒,肉,meat,11
和平世界,2021-09-20 20:28,小可圬,KU_p843wC4e,盐盒,肉,meat,-11
和平世界,2021-09-20 20:28,小可圬,KU_p843wC4e,盐盒,肉,meat,10
和平世界,2021-09-20 20:28,小可圬,KU_p843wC4e,盐盒,多汁浆果,berries_juicy,-11
和平世界,2021-09-20 20:28,小可圬,KU_p843wC4e,盐盒,多汁浆果,berries_juicy,10
和平世界,2021-09-20 20:28,小可圬,KU_p843wC4e,盐盒,怪物肉,monstermeat,-7
和平世界,2021-09-20 20:28,小可圬,KU_p843wC4e,盐盒,怪物肉,monstermeat,6
和平世界,2021-09-20 20:28,小可圬,KU_p843wC4e,盐盒,肉,meat,9
和平世界,2021-09-20 20:28,小可圬,KU_p843wC4e,盐盒,肉,meat,-10
和平世界,2021-09-20 20:28,小可圬,KU_p843wC4e,盐盒,怪物肉,monstermeat,-6
和平世界,2021-09-20 20:28,小可圬,KU_p843wC4e,盐盒,怪物肉,monstermeat,5
和平世界,2021-09-20 20:28,小可圬,KU_p843wC4e,盐盒,多汁浆果,berries_juicy,9
和平世界,2021-09-20 20:28,小可圬,KU_p843wC4e,盐盒,多汁浆果,berries_juicy,-10
和平世界,2021-09-20 20:28,小可圬,KU_p843wC4e,盐盒,肉,meat,-9
和平世界,2021-09-20 20:28,小可圬,KU_p843wC4e,盐盒,肉,meat,8
和平世界,2021-09-20 20:28,小可圬,KU_p843wC4e,盐盒,肉,meat,-8
和平世界,2021-09-20 20:28,小可圬,KU_p843wC4e,盐盒,肉,meat,6
和平世界,2021-09-20 20:28,小可圬,KU_p843wC4e,盐盒,肉,meat,-7
和平世界,2021-09-20 20:28,小可圬,KU_p843wC4e,盐盒,肉,meat,7
和平世界,2021-09-20 20:28,小可圬,KU_p843wC4e,盐盒,怪物肉,monstermeat,4
和平世界,2021-09-20 20:28,小可圬,KU_p843wC4e,盐盒,怪物肉,monstermeat,-5
和平世界,2021-09-20 20:28,小可圬,KU_p843wC4e,盐盒,多汁浆果,berries_juicy,-9
和平世界,2021-09-20 20:28,小可圬,KU_p843wC4e,盐盒,多汁浆果,berries_juicy,8
和平世界,2021-09-20 20:28,小可圬,KU_p843wC4e,盐盒,肉,meat,5
和平世界,2021-09-20 20:28,小可圬,KU_p843wC4e,盐盒,肉,meat,-6
和平世界,2021-09-20 20:28,小可圬,KU_p843wC4e,盐盒,肉,meat,-5
和平世界,2021-09-20 20:28,小可圬,KU_p843wC4e,盐盒,肉,meat,4
和平世界,2021-09-20 20:28,小可圬,KU_p843wC4e,盐盒,多汁浆果,berries_juicy,7
和平世界,2021-09-20 20:28,小可圬,KU_p843wC4e,盐盒,多汁浆果,berries_juicy,-8
和平世界,2021-09-20 20:28,小可圬,KU_p843wC4e,盐盒,怪物肉,monstermeat,3
和平世界,2021-09-20 20:28,小可圬,KU_p843wC4e,盐盒,怪物肉,monstermeat,-4
和平世界,2021-09-20 20:30,RTDUDU,KU_V_2d0zby,冰箱,炖肉汤,bonestew,1
和平世界,2021-09-20 20:49,小可圬,KU_p843wC4e,冰箱,炖肉汤,bonestew,-1
和平世界,2021-09-20 20:49,小可圬,KU_p843wC4e,盐盒,肉,meat,-4
和平世界,2021-09-20 20:49,小可圬,KU_p843wC4e,盐盒,肉,meat,3
和平世界,2021-09-20 20:49,小可圬,KU_p843wC4e,盐盒,肉,meat,-3
和平世界,2021-09-20 20:49,小可圬,KU_p843wC4e,盐盒,肉,meat,2
和平世界,2021-09-20 20:49,小可圬,KU_p843wC4e,盐盒,怪物肉,monstermeat,4
和平世界,2021-09-20 20:49,小可圬,KU_p843wC4e,盐盒,怪物肉,monstermeat,-5
和平世界,2021-09-20 20:49,小可圬,KU_p843wC4e,盐盒,多汁浆果,berries_juicy,-7
和平世界,2021-09-20 20:49,小可圬,KU_p843wC4e,盐盒,多汁浆果,berries_juicy,6
和平世界,2021-09-20 20:50,小可圬,KU_p843wC4e,盐盒,肉,meat,1
和平世界,2021-09-20 20:50,小可圬,KU_p843wC4e,盐盒,肉,meat,-2
和平世界,2021-09-20 20:50,小可圬,KU_p843wC4e,盐盒,肉,meat,-1
和平世界,2021-09-20 20:50,小可圬,KU_p843wC4e,盐盒,怪物肉,monstermeat,-4
和平世界,2021-09-20 20:50,小可圬,KU_p843wC4e,盐盒,怪物肉,monstermeat,3
和平世界,2021-09-20 20:50,小可圬,KU_p843wC4e,盐盒,多汁浆果,berries_juicy,5
和平世界,2021-09-20 20:50,小可圬,KU_p843wC4e,盐盒,多汁浆果,berries_juicy,-6
和平世界,2021-09-20 20:50,小可圬,KU_p843wC4e,盐盒,怪物肉,monstermeat,2
和平世界,2021-09-20 20:50,小可圬,KU_p843wC4e,盐盒,怪物肉,monstermeat,-3
和平世界,2021-09-20 20:50,小可圬,KU_p843wC4e,盐盒,多汁浆果,berries_juicy,-5
和平世界,2021-09-20 20:50,小可圬,KU_p843wC4e,盐盒,多汁浆果,berries_juicy,4
和平世界,2021-09-20 20:50,小可圬,KU_p843wC4e,盐盒,多汁浆果,berries_juicy,3
和平世界,2021-09-20 20:50,小可圬,KU_p843wC4e,盐盒,多汁浆果,berries_juicy,-4
和平世界,2021-09-20 20:50,小可圬,KU_p843wC4e,盐盒,多汁浆果,berries_juicy,2
和平世界,2021-09-20 20:50,小可圬,KU_p843wC4e,盐盒,多汁浆果,berries_juicy,-3
和平世界,2021-09-20 20:50,小可圬,KU_p843wC4e,盐盒,怪物肉,monstermeat,-2
和平世界,2021-09-20 20:50,小可圬,KU_p843wC4e,盐盒,怪物肉,monstermeat,1
和平世界,2021-09-20 20:50,小可圬,KU_p843wC4e,盐盒,多汁浆果,berries_juicy,-2
和平世界,2021-09-20 20:50,小可圬,KU_p843wC4e,盐盒,多汁浆果,berries_juicy,1
和平世界,2021-09-20 20:50,小可圬,KU_p843wC4e,盐盒,多汁浆果,berries_juicy,-1
和平世界,2021-09-20 20:54,小可圬,KU_p843wC4e,盐盒,怪物肉,monstermeat,-1
和平世界,2021-09-20 20:54,小可圬,KU_p843wC4e,盐盒,无花果,fig,4
和平世界,2021-09-20 20:54,小可圬,KU_p843wC4e,盐盒,无花果,fig,3
和平世界,2021-09-20 20:54,小可圬,KU_p843wC4e,盐盒,无花果,fig,-4
和平世界,2021-09-20 20:54,小可圬,KU_p843wC4e,盐盒,无花果,fig,2
和平世界,2021-09-20 20:54,小可圬,KU_p843wC4e,盐盒,无花果,fig,-3
和平世界,2021-09-20 20:54,小可圬,KU_p843wC4e,盐盒,无花果,fig,1
和平世界,2021-09-20 20:54,小可圬,KU_p843wC4e,盐盒,无花果,fig,-2
和平世界,2021-09-20 20:54,小可圬,KU_p843wC4e,盐盒,无花果,fig,-1
和平世界,2021-09-20 21:42,心醇气和,KU_HQp7BD3c,箱子,蓝图,blueprint,1
和平世界,2021-09-20 21:42,心醇气和,KU_HQp7BD3c,箱子,蓝图,blueprint,-1
和平世界,2021-09-20 21:42,心醇气和,KU_HQp7BD3c,箱子,蓝图,blueprint,1
和平世界,2021-09-20 21:42,心醇气和,KU_HQp7BD3c,箱子,锤子,hammer,-1
和平世界,2021-09-20 21:42,心醇气和,KU_HQp7BD3c,箱子,锤子,hammer,1
和平世界,2021-09-20 21:43,心醇气和,KU_HQp7BD3c,龙鳞宝箱,腐烂物,spoiled_food,6
和平世界,2021-09-20 22:36,亭,KU_54sjc7tj,箱子,蜘蛛帽,spiderhat,1
和平世界,2021-09-20 22:36,亭,KU_54sjc7tj,箱子,蜘蛛帽,spiderhat,1
和平世界,2021-09-20 22:36,亭,KU_54sjc7tj,箱子,蜘蛛帽,spiderhat,1
和平世界,2021-09-20 22:36,亭,KU_54sjc7tj,箱子,蓝宝石,bluegem,15
和平世界,2021-09-20 22:36,亭,KU_54sjc7tj,箱子,树枝,twigs,-3
和平世界,2021-09-20 23:10,浮生若梦,KU_vCuBTKpF,龙鳞宝箱,彩虹糖豆,jellybean,-15
和平世界,2021-09-20 23:44,浮生若梦,KU_vCuBTKpF,箱子,锤子,hammer,-1
和平世界,2021-09-20 23:46,浮生若梦,KU_vCuBTKpF,冰箱,暖石,heatrock,-1
和平世界,2021-09-20 23:55,浮生若梦,KU_vCuBTKpF,龙鳞宝箱,礼物包装,giftwrap,-20
和平世界,2021-09-20 23:55,浮生若梦,KU_vCuBTKpF,龙鳞宝箱,月岩雕像,moonrockidol,-1
和平世界,2021-09-20 23:55,浮生若梦,KU_vCuBTKpF,龙鳞宝箱,月岩雕像,moonrockidol,-1
和平世界,2021-09-20 23:55,浮生若梦,KU_vCuBTKpF,龙鳞宝箱,月岩雕像,moonrockidol,-1
和平世界,2021-09-20 23:55,浮生若梦,KU_vCuBTKpF,龙鳞宝箱,月岩雕像,moonrockidol,-1
萌新天堂,2021-09-20 14:45,1679932190,KU_tD6Ygm8i,冰箱,冰,ice,-1
萌新天堂,2021-09-20 14:45,1679932190,KU_tD6Ygm8i,冰箱,怪物肉干,monstermeat_dried,14
萌新天堂,2021-09-20 14:45,1679932190,KU_tD6Ygm8i,冰箱,怪物肉干,monstermeat_dried,-14
萌新天堂,2021-09-20 14:45,1679932190,KU_tD6Ygm8i,冰箱,冰,ice,1
萌新天堂,2021-09-20 14:53,1679932190,KU_tD6Ygm8i,箱子,乌鸦,crow,1
萌新天堂,2021-09-20 14:53,1679932190,KU_tD6Ygm8i,箱子,乌鸦,crow,-1
萌新天堂,2021-09-20 14:54,1679932190,KU_tD6Ygm8i,冰箱,暖石,heatrock,1
萌新天堂,2021-09-20 14:55,1679932190,KU_tD6Ygm8i,冰箱,暖石,heatrock,-1
萌新天堂,2021-09-20 14:56,1679932190,KU_tD6Ygm8i,冰箱,暖石,heatrock,1
萌新天堂,2021-09-20 15:01,1679932190,KU_tD6Ygm8i,菌伞灯,启迪之冠碎片,alterguardianhatshard,-1
萌新天堂,2021-09-20 15:01,1679932190,KU_tD6Ygm8i,菌伞灯,启迪之冠碎片,alterguardianhatshard,1
萌新天堂,2021-09-20 15:02,1679932190,KU_tD6Ygm8i,菌伞灯,启迪之冠碎片,alterguardianhatshard,-1
萌新天堂,2021-09-20 15:02,1679932190,KU_tD6Ygm8i,菌伞灯,启迪之冠碎片,alterguardianhatshard,1
萌新天堂,2021-09-20 15:25,YUXI,KU_IiiPimWA,箱子,金块,goldnugget,1
萌新天堂,2021-09-20 15:25,YUXI,KU_IiiPimWA,箱子,紫宝石,purplegem,3
萌新天堂,2021-09-20 15:25,YUXI,KU_IiiPimWA,箱子,倒走表,pocketwatch_warp,1
萌新天堂,2021-09-20 15:25,YUXI,KU_IiiPimWA,箱子,不老表,pocketwatch_heal,1
萌新天堂,2021-09-20 15:25,YUXI,KU_IiiPimWA,箱子,时间碎片,pocketwatch_parts,5
萌新天堂,2021-09-20 15:25,YUXI,KU_IiiPimWA,箱子,钟表匠工具,pocketwatch_dismantler,1
萌新天堂,2021-09-20 15:43,Dream Lord,KU_e-2-CpKC,冰箱,蜂蜜,honey,39
萌新天堂,2021-09-20 15:43,Dream Lord,KU_e-2-CpKC,冰箱,蜂蜜,honey,-40
萌新天堂,2021-09-20 15:43,Dream Lord,KU_e-2-CpKC,冰箱,蜂蜜,honey,38
萌新天堂,2021-09-20 15:43,Dream Lord,KU_e-2-CpKC,冰箱,蜂蜜,honey,-39
萌新天堂,2021-09-20 15:43,Dream Lord,KU_e-2-CpKC,冰箱,胡萝卜,carrot,10
萌新天堂,2021-09-20 15:43,Dream Lord,KU_e-2-CpKC,冰箱,胡萝卜,carrot,-10
萌新天堂,2021-09-20 15:43,Dream Lord,KU_e-2-CpKC,冰箱,胡萝卜,carrot,9
萌新天堂,2021-09-20 15:43,Dream Lord,KU_e-2-CpKC,冰箱,胡萝卜,carrot,-9
萌新天堂,2021-09-20 15:43,Dream Lord,KU_e-2-CpKC,冰箱,胡萝卜,carrot,8
萌新天堂,2021-09-20 15:43,Dream Lord,KU_e-2-CpKC,冰箱,蜂蜜,honey,37
萌新天堂,2021-09-20 15:43,Dream Lord,KU_e-2-CpKC,冰箱,蜂蜜,honey,-38
萌新天堂,2021-09-20 15:44,Dream Lord,KU_e-2-CpKC,冰箱,胡萝卜,carrot,-9
萌新天堂,2021-09-20 15:44,Dream Lord,KU_e-2-CpKC,冰箱,胡萝卜,carrot,8
萌新天堂,2021-09-20 15:44,Dream Lord,KU_e-2-CpKC,冰箱,胡萝卜,carrot,7
萌新天堂,2021-09-20 15:44,Dream Lord,KU_e-2-CpKC,冰箱,胡萝卜,carrot,-8
萌新天堂,2021-09-20 15:44,Dream Lord,KU_e-2-CpKC,冰箱,蜂蜜,honey,36
萌新天堂,2021-09-20 15:44,Dream Lord,KU_e-2-CpKC,冰箱,蜂蜜,honey,-37
萌新天堂,2021-09-20 15:44,Dream Lord,KU_e-2-CpKC,冰箱,蜂蜜,honey,-18
萌新天堂,2021-09-20 15:44,Dream Lord,KU_e-2-CpKC,冰箱,蜂蜜,honey,18
萌新天堂,2021-09-20 15:44,Dream Lord,KU_e-2-CpKC,冰箱,蜂蜜,honey,-36
萌新天堂,2021-09-20 15:44,Dream Lord,KU_e-2-CpKC,冰箱,蜂蜜,honey,14
萌新天堂,2021-09-20 15:44,Dream Lord,KU_e-2-CpKC,冰箱,蜂蜜,honey,-40
萌新天堂,2021-09-20 15:44,Dream Lord,KU_e-2-CpKC,冰箱,蜂蜜,honey,14
萌新天堂,2021-09-20 15:44,Dream Lord,KU_e-2-CpKC,冰箱,蜂蜜,honey,-40
萌新天堂,2021-09-20 15:44,Dream Lord,KU_e-2-CpKC,冰箱,蜂蜜,honey,14
萌新天堂,2021-09-20 15:44,Dream Lord,KU_e-2-CpKC,冰箱,胡萝卜,carrot,-8
萌新天堂,2021-09-20 15:49,YUXI,KU_IiiPimWA,冰箱,浆果,berries,31
萌新天堂,2021-09-20 15:50,YUXI,KU_IiiPimWA,冰箱,花瓣,petals,16
萌新天堂,2021-09-20 15:51,YUXI,KU_IiiPimWA,箱子,石果,rock_avocado_fruit,40
萌新天堂,2021-09-20 15:51,YUXI,KU_IiiPimWA,箱子,石果,rock_avocado_fruit,2
萌新天堂,2021-09-20 15:55,Totter,KU_PP5FpBt0,箱子,木头,log,-20
萌新天堂,2021-09-20 15:55,Totter,KU_PP5FpBt0,箱子,木头,log,20
萌新天堂,2021-09-20 15:56,Totter,KU_PP5FpBt0,箱子,木头,log,1
萌新天堂,2021-09-20 15:56,Totter,KU_PP5FpBt0,箱子,木头,log,1
萌新天堂,2021-09-20 15:56,Totter,KU_PP5FpBt0,箱子,木头,log,-9
萌新天堂,2021-09-20 15:56,Totter,KU_PP5FpBt0,箱子,木头,log,-1
萌新天堂,2021-09-20 16:05,wsnd,KU_MAFS6oBJ,箱子,浆果丛,dug_berrybush,-4
萌新天堂,2021-09-20 16:13,YUXI,KU_IiiPimWA,冰箱,蜂蜜,honey,4
萌新天堂,2021-09-20 16:14,YUXI,KU_IiiPimWA,箱子,采下的芦苇,cutreeds,7
萌新天堂,2021-09-20 16:16,YUXI,KU_IiiPimWA,箱子,活木头,livinglog,-9
萌新天堂,2021-09-20 16:16,YUXI,KU_IiiPimWA,箱子,活木头,livinglog,-20
萌新天堂,2021-09-20 16:16,YUXI,KU_IiiPimWA,箱子,活木头,livinglog,14
萌新天堂,2021-09-20 16:16,YUXI,KU_IiiPimWA,箱子,蜂巢,honeycomb,4
萌新天堂,2021-09-20 16:16,YUXI,KU_IiiPimWA,冰箱,火荨麻叶,firenettles,5
萌新天堂,2021-09-20 16:16,YUXI,KU_IiiPimWA,冰箱,火荨麻叶,firenettles,-5
萌新天堂,2021-09-20 16:16,YUXI,KU_IiiPimWA,冰箱,火荨麻叶,firenettles,5
萌新天堂,2021-09-20 16:16,YUXI,KU_IiiPimWA,龙鳞宝箱,黄金铲子,goldenshovel,-1
萌新天堂,2021-09-20 16:19,YUXI,KU_IiiPimWA,箱子,金块,goldnugget,-20
萌新天堂,2021-09-20 16:19,YUXI,KU_IiiPimWA,箱子,采下的芦苇,cutreeds,-7
萌新天堂,2021-09-20 16:19,YUXI,KU_IiiPimWA,箱子,金块,goldnugget,16
萌新天堂,2021-09-20 16:19,YUXI,KU_IiiPimWA,箱子,采下的芦苇,cutreeds,7
萌新天堂,2021-09-20 16:19,YUXI,KU_IiiPimWA,冰箱,犁地草,tillweed,6
萌新天堂,2021-09-20 16:19,YUXI,KU_IiiPimWA,冰箱,火荨麻叶,firenettles,5
萌新天堂,2021-09-20 16:20,YUXI,KU_IiiPimWA,冰箱,蛙腿,froglegs,2
萌新天堂,2021-09-20 16:20,YUXI,KU_IiiPimWA,冰箱,肉,meat,1
萌新天堂,2021-09-20 16:20,YUXI,KU_IiiPimWA,龙鳞宝箱,黄金铲子,goldenshovel,1
萌新天堂,2021-09-20 16:20,YUXI,KU_IiiPimWA,龙鳞宝箱,黄金铲子,goldenshovel,-1
萌新天堂,2021-09-20 16:20,YUXI,KU_IiiPimWA,龙鳞宝箱,园艺锄,farm_hoe,-1
萌新天堂,2021-09-20 16:20,YUXI,KU_IiiPimWA,龙鳞宝箱,园艺锄,farm_hoe,-1
萌新天堂,2021-09-20 16:20,YUXI,KU_IiiPimWA,龙鳞宝箱,园艺锄,farm_hoe,-1
萌新天堂,2021-09-20 16:22,YUXI,KU_IiiPimWA,龙鳞宝箱,黄金铲子,goldenshovel,1
萌新天堂,2021-09-20 16:22,YUXI,KU_IiiPimWA,龙鳞宝箱,空浇水壶,wateringcan,-1
萌新天堂,2021-09-20 16:22,YUXI,KU_IiiPimWA,龙鳞宝箱,空浇水壶,wateringcan,1
萌新天堂,2021-09-20 16:22,YUXI,KU_IiiPimWA,龙鳞宝箱,空浇水壶,wateringcan,-1
萌新天堂,2021-09-20 16:22,YUXI,KU_IiiPimWA,龙鳞宝箱,空浇水壶,wateringcan,1
萌新天堂,2021-09-20 16:22,YUXI,KU_IiiPimWA,龙鳞宝箱,斧头,axe,-1
萌新天堂,2021-09-20 16:22,YUXI,KU_IiiPimWA,龙鳞宝箱,斧头,axe,1
萌新天堂,2021-09-20 16:22,YUXI,KU_IiiPimWA,龙鳞宝箱,斧头,axe,-1
萌新天堂,2021-09-20 16:22,YUXI,KU_IiiPimWA,龙鳞宝箱,斧头,axe,1
萌新天堂,2021-09-20 16:22,YUXI,KU_IiiPimWA,冰箱,种子,seeds,1
萌新天堂,2021-09-20 16:22,YUXI,KU_IiiPimWA,箱子,金块,goldnugget,-16
萌新天堂,2021-09-20 16:22,YUXI,KU_IiiPimWA,箱子,金块,goldnugget,14
萌新天堂,2021-09-20 16:26,YUXI,KU_IiiPimWA,冰箱,怪物肉,monstermeat,2
萌新天堂,2021-09-20 16:26,YUXI,KU_IiiPimWA,龙鳞宝箱,黄金园艺锄,golden_farm_hoe,1
萌新天堂,2021-09-20 16:27,YUXI,KU_IiiPimWA,冰箱,蜂蜜,honey,-40
萌新天堂,2021-09-20 16:27,YUXI,KU_IiiPimWA,冰箱,蜂蜜,honey,-40
萌新天堂,2021-09-20 16:27,YUXI,KU_IiiPimWA,冰箱,蜂蜜,honey,-40
萌新天堂,2021-09-20 16:27,YUXI,KU_IiiPimWA,冰箱,蜂蜜,honey,-39
萌新天堂,2021-09-20 16:27,YUXI,KU_IiiPimWA,冰箱,蜂蜜,honey,25
萌新天堂,2021-09-20 16:27,YUXI,KU_IiiPimWA,冰箱,蜂蜜,honey,24
萌新天堂,2021-09-20 16:27,YUXI,KU_IiiPimWA,冰箱,蜂蜜,honey,24
萌新天堂,2021-09-20 16:27,YUXI,KU_IiiPimWA,冰箱,蜂蜜,honey,24
萌新天堂,2021-09-20 16:28,YUXI,KU_IiiPimWA,冰箱,种子,seeds,-2
萌新天堂,2021-09-20 16:29,YUXI,KU_IiiPimWA,冰箱,种子,seeds,-1
萌新天堂,2021-09-20 16:31,Totter,KU_PP5FpBt0,箱子,腐烂物,spoiled_food,-6
萌新天堂,2021-09-20 16:35,YUXI,KU_IiiPimWA,龙鳞宝箱,黄金铲子,goldenshovel,-1
萌新天堂,2021-09-20 16:35,YUXI,KU_IiiPimWA,龙鳞宝箱,黄金园艺锄,golden_farm_hoe,-1
萌新天堂,2021-09-20 16:35,YUXI,KU_IiiPimWA,龙鳞宝箱,黄金铲子,goldenshovel,1
萌新天堂,2021-09-20 16:36,Totter,KU_PP5FpBt0,冰箱,腐烂物,spoiled_food,-12
萌新天堂,2021-09-20 16:37,Totter,KU_PP5FpBt0,冰箱,腐烂物,spoiled_food,3
萌新天堂,2021-09-20 16:40,YUXI,KU_IiiPimWA,龙鳞宝箱,黄金铲子,goldenshovel,-1
萌新天堂,2021-09-20 16:40,Totter,KU_PP5FpBt0,菌伞灯,荧光果,lightbulb,1
萌新天堂,2021-09-20 16:40,Totter,KU_PP5FpBt0,菌伞灯,荧光果,lightbulb,1
萌新天堂,2021-09-20 16:40,Totter,KU_PP5FpBt0,菌伞灯,荧光果,lightbulb,1
萌新天堂,2021-09-20 16:40,Totter,KU_PP5FpBt0,菌伞灯,荧光果,lightbulb,1
萌新天堂,2021-09-20 16:40,Totter,KU_PP5FpBt0,菌伞灯,荧光果,lightbulb,1
萌新天堂,2021-09-20 16:40,Totter,KU_PP5FpBt0,菌伞灯,荧光果,lightbulb,1
萌新天堂,2021-09-20 16:40,Totter,KU_PP5FpBt0,菌伞灯,荧光果,lightbulb,1
萌新天堂,2021-09-20 16:40,Totter,KU_PP5FpBt0,菌伞灯,荧光果,lightbulb,1
萌新天堂,2021-09-20 16:40,Totter,KU_PP5FpBt0,菌伞灯,荧光果,lightbulb,1
萌新天堂,2021-09-20 16:40,Totter,KU_PP5FpBt0,菌伞灯,荧光果,lightbulb,1
萌新天堂,2021-09-20 16:40,Totter,KU_PP5FpBt0,菌伞灯,荧光果,lightbulb,1
萌新天堂,2021-09-20 16:40,YUXI,KU_IiiPimWA,箱子,金块,goldnugget,-14
萌新天堂,2021-09-20 16:40,YUXI,KU_IiiPimWA,箱子,金块,goldnugget,12
萌新天堂,2021-09-20 16:41,YUXI,KU_IiiPimWA,冰箱,蜂蜜,honey,-1
萌新天堂,2021-09-20 16:41,YUXI,KU_IiiPimWA,冰箱,蜂蜜,honey,-24
萌新天堂,2021-09-20 16:41,YUXI,KU_IiiPimWA,冰箱,蜂蜜,honey,13
萌新天堂,2021-09-20 16:44,YUXI,KU_IiiPimWA,冰箱,必忘我,forgetmelots,1
萌新天堂,2021-09-20 16:47,YUXI,KU_IiiPimWA,冰箱,怪物肉,monstermeat,-2
萌新天堂,2021-09-20 16:47,YUXI,KU_IiiPimWA,冰箱,怪物肉,monstermeat,1
萌新天堂,2021-09-20 16:47,YUXI,KU_IiiPimWA,冰箱,蛙腿,froglegs,-4
萌新天堂,2021-09-20 16:47,YUXI,KU_IiiPimWA,冰箱,蛙腿,froglegs,3
萌新天堂,2021-09-20 16:47,YUXI,KU_IiiPimWA,冰箱,蛙腿,froglegs,2
萌新天堂,2021-09-20 16:47,YUXI,KU_IiiPimWA,冰箱,蛙腿,froglegs,-3
萌新天堂,2021-09-20 16:47,YUXI,KU_IiiPimWA,冰箱,蜂蜜,honey,12
萌新天堂,2021-09-20 16:47,YUXI,KU_IiiPimWA,冰箱,蜂蜜,honey,-13
萌新天堂,2021-09-20 16:47,YUXI,KU_IiiPimWA,冰箱,怪物肉,monstermeat,-1
萌新天堂,2021-09-20 16:47,YUXI,KU_IiiPimWA,冰箱,蛙腿,froglegs,-2
萌新天堂,2021-09-20 16:47,YUXI,KU_IiiPimWA,冰箱,蛙腿,froglegs,1
萌新天堂,2021-09-20 16:47,YUXI,KU_IiiPimWA,冰箱,蛙腿,froglegs,-1
萌新天堂,2021-09-20 16:47,YUXI,KU_IiiPimWA,冰箱,蜂蜜,honey,11
萌新天堂,2021-09-20 16:47,YUXI,KU_IiiPimWA,冰箱,蜂蜜,honey,-12
萌新天堂,2021-09-20 16:47,YUXI,KU_IiiPimWA,冰箱,肉,meat,-1
萌新天堂,2021-09-20 16:47,YUXI,KU_IiiPimWA,冰箱,蜂蜜,honey,-11
萌新天堂,2021-09-20 16:47,YUXI,KU_IiiPimWA,冰箱,蜂蜜,honey,10
萌新天堂,2021-09-20 16:47,YUXI,KU_IiiPimWA,冰箱,蛙腿,froglegs,5
萌新天堂,2021-09-20 16:47,YUXI,KU_IiiPimWA,冰箱,蛙腿,froglegs,4
萌新天堂,2021-09-20 16:47,YUXI,KU_IiiPimWA,冰箱,蛙腿,froglegs,-5
萌新天堂,2021-09-20 16:47,YUXI,KU_IiiPimWA,冰箱,蛙腿,froglegs,3
萌新天堂,2021-09-20 16:47,YUXI,KU_IiiPimWA,冰箱,蛙腿,froglegs,-4
萌新天堂,2021-09-20 16:49,Totter,KU_PP5FpBt0,冰箱,腐烂物,spoiled_food,-3
萌新天堂,2021-09-20 16:49,Totter,KU_PP5FpBt0,冰箱,腐烂物,spoiled_food,-1
萌新天堂,2021-09-20 16:49,Totter,KU_PP5FpBt0,冰箱,腐烂物,spoiled_food,-2
萌新天堂,2021-09-20 16:57,我是qq,KU_vCuBTOFZ,冰箱,暖石,heatrock,-1
萌新天堂,2021-09-20 17:15,我是qq,KU_vCuBTOFZ,箱子,采下的芦苇,cutreeds,-7
萌新天堂,2021-09-20 17:15,wdnmd,KU_Zzh0_NKh,龙鳞宝箱,针线包,sewing_kit,-1
萌新天堂,2021-09-20 17:15,wdnmd,KU_Zzh0_NKh,龙鳞宝箱,针线包,sewing_kit,1
萌新天堂,2021-09-20 17:27,wdnmd,KU_Zzh0_NKh,箱子,树枝,twigs,9
萌新天堂,2021-09-20 17:28,wdnmd,KU_Zzh0_NKh,冰箱,蜜汁火腿,honeyham,1
萌新天堂,2021-09-20 17:28,wdnmd,KU_Zzh0_NKh,冰箱,腐烂物,spoiled_food,-6
萌新天堂,2021-09-20 17:28,wdnmd,KU_Zzh0_NKh,冰箱,腐烂物,spoiled_food,-8
萌新天堂,2021-09-20 17:29,wdnmd,KU_Zzh0_NKh,冰箱,腐烂物,spoiled_food,-5
萌新天堂,2021-09-20 17:29,wdnmd,KU_Zzh0_NKh,冰箱,腐烂物,spoiled_food,-28
萌新天堂,2021-09-20 17:29,wdnmd,KU_Zzh0_NKh,冰箱,腐烂物,spoiled_food,-30
萌新天堂,2021-09-20 17:29,wdnmd,KU_Zzh0_NKh,箱子,腐烂物,spoiled_food,22
萌新天堂,2021-09-20 17:29,wdnmd,KU_Zzh0_NKh,盐盒,腐烂物,spoiled_food,-2
萌新天堂,2021-09-20 17:29,wdnmd,KU_Zzh0_NKh,盐盒,腐烂物,spoiled_food,-9
萌新天堂,2021-09-20 17:29,wdnmd,KU_Zzh0_NKh,盐盒,腐烂物,spoiled_food,-6
萌新天堂,2021-09-20 17:29,wdnmd,KU_Zzh0_NKh,盐盒,腐烂物,spoiled_food,-3
萌新天堂,2021-09-20 17:29,wdnmd,KU_Zzh0_NKh,盐盒,腐烂物,spoiled_food,-1
萌新天堂,2021-09-20 17:29,wdnmd,KU_Zzh0_NKh,盐盒,坏掉的小鱼,spoiled_fish_small,-6
萌新天堂,2021-09-20 17:29,wdnmd,KU_Zzh0_NKh,箱子,坏掉的小鱼,spoiled_fish_small,6
萌新天堂,2021-09-20 17:29,wdnmd,KU_Zzh0_NKh,箱子,腐烂物,spoiled_food,3
萌新天堂,2021-09-20 17:29,wdnmd,KU_Zzh0_NKh,盐盒,腐烂物,spoiled_food,-1
萌新天堂,2021-09-20 17:29,wdnmd,KU_Zzh0_NKh,盐盒,腐烂物,spoiled_food,-11
萌新天堂,2021-09-20 17:29,wdnmd,KU_Zzh0_NKh,冰箱,蜜汁火腿,honeyham,-3
萌新天堂,2021-09-20 17:29,wdnmd,KU_Zzh0_NKh,冰箱,蜜汁火腿,honeyham,3
萌新天堂,2021-09-20 17:29,wdnmd,KU_Zzh0_NKh,冰箱,犁地草,tillweed,-6
萌新天堂,2021-09-20 17:29,wdnmd,KU_Zzh0_NKh,箱子,犁地草,tillweed,6
萌新天堂,2021-09-20 17:29,wdnmd,KU_Zzh0_NKh,箱子,犁地草,tillweed,-6
萌新天堂,2021-09-20 17:29,wdnmd,KU_Zzh0_NKh,箱子,犁地草,tillweed,6
萌新天堂,2021-09-20 17:29,wdnmd,KU_Zzh0_NKh,箱子,坏掉的小鱼,spoiled_fish_small,-6
萌新天堂,2021-09-20 17:30,wdnmd,KU_Zzh0_NKh,龙鳞宝箱,坏掉的小鱼,spoiled_fish_small,6
萌新天堂,2021-09-20 17:30,wdnmd,KU_Zzh0_NKh,箱子,腐烂物,spoiled_food,-40
萌新天堂,2021-09-20 17:30,wdnmd,KU_Zzh0_NKh,箱子,腐烂物,spoiled_food,-40
萌新天堂,2021-09-20 17:30,wdnmd,KU_Zzh0_NKh,龙鳞宝箱,腐烂物,spoiled_food,40
萌新天堂,2021-09-20 17:30,wdnmd,KU_Zzh0_NKh,龙鳞宝箱,腐烂物,spoiled_food,40
萌新天堂,2021-09-20 17:30,wdnmd,KU_Zzh0_NKh,箱子,腐烂物,spoiled_food,-14
萌新天堂,2021-09-20 17:30,wdnmd,KU_Zzh0_NKh,箱子,腐烂物,spoiled_food,14
萌新天堂,2021-09-20 17:30,wdnmd,KU_Zzh0_NKh,箱子,犁地草,tillweed,-6
萌新天堂,2021-09-20 17:30,wdnmd,KU_Zzh0_NKh,箱子,犁地草,tillweed,6
萌新天堂,2021-09-20 17:30,wdnmd,KU_Zzh0_NKh,箱子,腐烂物,spoiled_food,-14
萌新天堂,2021-09-20 17:30,wdnmd,KU_Zzh0_NKh,箱子,腐烂物,spoiled_food,14
萌新天堂,2021-09-20 17:30,wdnmd,KU_Zzh0_NKh,箱子,腐烂物,spoiled_food,-14
萌新天堂,2021-09-20 17:30,wdnmd,KU_Zzh0_NKh,龙鳞宝箱,腐烂物,spoiled_food,14
萌新天堂,2021-09-20 18:39,Dream Lord,KU_e-2-CpKC,箱子,蜘蛛腺,spidergland,-20
萌新天堂,2021-09-20 18:39,Dream Lord,KU_e-2-CpKC,箱子,针线包,sewing_kit,-1
萌新天堂,2021-09-20 18:39,Dream Lord,KU_e-2-CpKC,箱子,针线包,sewing_kit,1
萌新天堂,2021-09-20 18:39,Dream Lord,KU_e-2-CpKC,冰箱,暖石,heatrock,-1
萌新天堂,2021-09-20 18:56,Tornado,KU_sM0lKp0J,箱子,剃刀,razor,-1
萌新天堂,2021-09-20 19:01,Tornado,KU_sM0lKp0J,龙鳞宝箱,黄金斧头,goldenaxe,-1
萌新天堂,2021-09-20 19:01,Tornado,KU_sM0lKp0J,龙鳞宝箱,斧头,axe,1
萌新天堂,2021-09-20 19:02,Tornado,KU_sM0lKp0J,箱子,红宝石,redgem,-40
萌新天堂,2021-09-20 19:02,Tornado,KU_sM0lKp0J,箱子,紫宝石,purplegem,-3
萌新天堂,2021-09-20 19:02,Tornado,KU_sM0lKp0J,箱子,蓝宝石,bluegem,-4
萌新天堂,2021-09-20 19:02,Tornado,KU_sM0lKp0J,箱子,金块,goldnugget,-12
萌新天堂,2021-09-20 19:02,Tornado,KU_sM0lKp0J,箱子,金块,goldnugget,-20
萌新天堂,2021-09-20 19:02,Tornado,KU_sM0lKp0J,箱子,金块,goldnugget,15
萌新天堂,2021-09-20 19:02,Tornado,KU_sM0lKp0J,箱子,木头,log,-20
萌新天堂,2021-09-20 19:07,Tornado,KU_sM0lKp0J,箱子,木头,log,-3
萌新天堂,2021-09-20 19:07,Tornado,KU_sM0lKp0J,箱子,木头,log,-20
萌新天堂,2021-09-20 19:10,Dream Lord,KU_e-2-CpKC,箱子,蜘蛛腺,spidergland,10
萌新天堂,2021-09-20 19:16,971768332,KU_pvwb-YlE,箱子,噩梦燃料,nightmarefuel,-4
萌新天堂,2021-09-20 19:17,971768332,KU_pvwb-YlE,箱子,红宝石,redgem,-36
萌新天堂,2021-09-20 19:17,971768332,KU_pvwb-YlE,箱子,红宝石,redgem,33
萌新天堂,2021-09-20 19:17,971768332,KU_pvwb-YlE,龙鳞宝箱,麋鹿鹅羽毛,goose_feather,-10
萌新天堂,2021-09-20 19:17,971768332,KU_pvwb-YlE,龙鳞宝箱,伏特羊角,lightninggoathorn,-7
萌新天堂,2021-09-20 19:18,971768332,KU_pvwb-YlE,龙鳞宝箱,捕虫网,bugnet,-1
萌新天堂,2021-09-20 19:18,971768332,KU_pvwb-YlE,龙鳞宝箱,长矛,spear,1
萌新天堂,2021-09-20 20:02,971768332,KU_pvwb-YlE,龙鳞宝箱,晨星锤,nightstick,-1
萌新天堂,2021-09-20 20:02,971768332,KU_pvwb-YlE,龙鳞宝箱,冰魔杖,icestaff,-1
萌新天堂,2021-09-20 20:02,971768332,KU_pvwb-YlE,箱子,红宝石,redgem,-33
萌新天堂,2021-09-20 20:03,971768332,KU_pvwb-YlE,龙鳞宝箱,长矛,spear,-1
萌新天堂,2021-09-20 20:09,空有,KU_J9MSP5qy,冰箱,腐烂物,spoiled_food,-16
萌新天堂,2021-09-20 20:14,空有,KU_J9MSP5qy,箱子,石果,rock_avocado_fruit,40
萌新天堂,2021-09-20 20:14,空有,KU_J9MSP5qy,箱子,石果,rock_avocado_fruit,8
萌新天堂,2021-09-20 20:16,Totter,KU_PP5FpBt0,菌伞灯,荧光果,lightbulb,1
萌新天堂,2021-09-20 20:16,Totter,KU_PP5FpBt0,菌伞灯,荧光果,lightbulb,1
萌新天堂,2021-09-20 20:16,Totter,KU_PP5FpBt0,菌伞灯,荧光果,lightbulb,1
萌新天堂,2021-09-20 20:16,Totter,KU_PP5FpBt0,菌伞灯,荧光果,lightbulb,1
萌新天堂,2021-09-20 20:16,Totter,KU_PP5FpBt0,菌伞灯,荧光果,lightbulb,1
萌新天堂,2021-09-20 20:16,Totter,KU_PP5FpBt0,菌伞灯,荧光果,lightbulb,1
萌新天堂,2021-09-20 20:16,Totter,KU_PP5FpBt0,菌伞灯,荧光果,lightbulb,1
萌新天堂,2021-09-20 20:16,Totter,KU_PP5FpBt0,菌伞灯,荧光果,lightbulb,1
萌新天堂,2021-09-20 20:16,Totter,KU_PP5FpBt0,菌伞灯,荧光果,lightbulb,1
萌新天堂,2021-09-20 20:16,Totter,KU_PP5FpBt0,菌伞灯,荧光果,lightbulb,1
萌新天堂,2021-09-20 20:16,Totter,KU_PP5FpBt0,菌伞灯,荧光果,lightbulb,1
萌新天堂,2021-09-20 20:16,Totter,KU_PP5FpBt0,菌伞灯,荧光果,lightbulb,1
萌新天堂,2021-09-20 20:25,971768332,KU_pvwb-YlE,箱子,腐烂物,spoiled_food,27
萌新天堂,2021-09-20 20:25,971768332,KU_pvwb-YlE,箱子,腐烂物,spoiled_food,40
萌新天堂,2021-09-20 20:30,黢黑,KU_MAFS6p_H,箱子,锤子,hammer,1
萌新天堂,2021-09-20 20:43,空有,KU_J9MSP5qy,冰箱,腐烂物,spoiled_food,-40
萌新天堂,2021-09-20 20:50,pdj1598097221,KU_OuuPEFjM,箱子,蓝宝石,bluegem,-1
萌新天堂,2021-09-20 20:50,pdj1598097221,KU_OuuPEFjM,箱子,活木头,livinglog,-18
萌新天堂,2021-09-20 20:51,pdj1598097221,KU_OuuPEFjM,箱子,剃刀,razor,-1
萌新天堂,2021-09-20 20:51,pdj1598097221,KU_OuuPEFjM,箱子,剃刀,razor,1
萌新天堂,2021-09-20 20:51,pdj1598097221,KU_OuuPEFjM,箱子,草墙,wall_hay_item,-4
萌新天堂,2021-09-20 20:51,pdj1598097221,KU_OuuPEFjM,箱子,草墙,wall_hay_item,4
萌新天堂,2021-09-20 20:54,pdj1598097221,KU_OuuPEFjM,箱子,骨头碎片,boneshard,-10
萌新天堂,2021-09-20 20:54,pdj1598097221,KU_OuuPEFjM,箱子,骨头碎片,boneshard,-20
萌新天堂,2021-09-20 20:54,pdj1598097221,KU_OuuPEFjM,箱子,锤子,hammer,-1
萌新天堂,2021-09-20 20:55,黢黑,KU_MAFS6p_H,箱子,锤子,hammer,1
萌新天堂,2021-09-20 20:55,黢黑,KU_MAFS6p_H,箱子,骨头碎片,boneshard,4
萌新天堂,2021-09-20 20:56,黢黑,KU_MAFS6p_H,冰箱,种子,seeds,1
萌新天堂,2021-09-20 20:57,空有,KU_J9MSP5qy,冰箱,烤怪物肉,cookedmonstermeat,7
萌新天堂,2021-09-20 20:57,空有,KU_J9MSP5qy,冰箱,烤怪物肉,cookedmonstermeat,-7
萌新天堂,2021-09-20 20:57,黢黑,KU_MAFS6p_H,箱子,松果,pinecone,-19
萌新天堂,2021-09-20 21:03,黢黑,KU_MAFS6p_H,冰箱,浆果,berries,30
萌新天堂,2021-09-20 21:06,CNZhuHC,KU_cZLtrJbr,箱子,采下的草,cutgrass,24
萌新天堂,2021-09-20 21:07,CNZhuHC,KU_cZLtrJbr,箱子,树枝,twigs,31
萌新天堂,2021-09-20 21:11,CNZhuHC,KU_cZLtrJbr,箱子,石果,rock_avocado_fruit,2
萌新天堂,2021-09-20 21:11,CNZhuHC,KU_cZLtrJbr,箱子,石果,rock_avocado_fruit,2
萌新天堂,2021-09-20 21:11,孕妇制造者,KU_54sjc8hf,箱子,锤子,hammer,-1
萌新天堂,2021-09-20 21:13,CNZhuHC,KU_cZLtrJbr,箱子,石果,rock_avocado_fruit,-8
萌新天堂,2021-09-20 21:13,CNZhuHC,KU_cZLtrJbr,箱子,石果,rock_avocado_fruit,-2
萌新天堂,2021-09-20 21:13,CNZhuHC,KU_cZLtrJbr,箱子,石果,rock_avocado_fruit,-40
萌新天堂,2021-09-20 21:13,CNZhuHC,KU_cZLtrJbr,箱子,石果,rock_avocado_fruit,12
萌新天堂,2021-09-20 21:13,wubengmi9,KU_rqpw9dPR,菌伞灯,启迪之冠碎片,alterguardianhatshard,-1
萌新天堂,2021-09-20 21:13,wubengmi9,KU_rqpw9dPR,菌伞灯,启迪之冠碎片,alterguardianhatshard,1
萌新天堂,2021-09-20 21:13,wubengmi9,KU_rqpw9dPR,箱子,剃刀,razor,-1
萌新天堂,2021-09-20 21:13,wubengmi9,KU_rqpw9dPR,箱子,剃刀,razor,1
萌新天堂,2021-09-20 21:13,wubengmi9,KU_rqpw9dPR,箱子,剃刀,razor,-1
萌新天堂,2021-09-20 21:13,wubengmi9,KU_rqpw9dPR,箱子,剃刀,razor,1
萌新天堂,2021-09-20 21:13,CNZhuHC,KU_cZLtrJbr,箱子,燧石,flint,-37
萌新天堂,2021-09-20 21:13,CNZhuHC,KU_cZLtrJbr,箱子,采下的草,cutgrass,-32
萌新天堂,2021-09-20 21:13,CNZhuHC,KU_cZLtrJbr,箱子,树枝,twigs,-31
萌新天堂,2021-09-20 21:14,黢黑,KU_MAFS6p_H,菌伞灯,红色孢子,spore_medium,1
萌新天堂,2021-09-20 21:14,黢黑,KU_MAFS6p_H,菌伞灯,红色孢子,spore_medium,-1
萌新天堂,2021-09-20 21:14,永远爱薇薇小仙女鸭,KU_7el7VBpE,箱子,木头,log,-19
萌新天堂,2021-09-20 21:21,61s mole,KU_0vPtVr7G,箱子,石果,rock_avocado_fruit,2
萌新天堂,2021-09-20 21:23,空有,KU_J9MSP5qy,箱子,火炬,torch,1
萌新天堂,2021-09-20 21:24,CNZhuHC,KU_cZLtrJbr,箱子,捕鸟陷阱,birdtrap,1
萌新天堂,2021-09-20 21:24,CNZhuHC,KU_cZLtrJbr,箱子,蜘蛛腺,spidergland,-10
萌新天堂,2021-09-20 21:24,黢黑,KU_MAFS6p_H,箱子,月岩,moonrocknugget,-4
萌新天堂,2021-09-20 21:24,黢黑,KU_MAFS6p_H,箱子,月岩,moonrocknugget,4
萌新天堂,2021-09-20 21:24,黢黑,KU_MAFS6p_H,箱子,腐烂物,spoiled_food,-40
萌新天堂,2021-09-20 21:25,黢黑,KU_MAFS6p_H,箱子,腐烂物,spoiled_food,28
萌新天堂,2021-09-20 21:29,黢黑,KU_MAFS6p_H,箱子,灰烬,ash,40
萌新天堂,2021-09-20 21:32,#躺平科#科长,KU_vCuBS2Sv,箱子,犬牙,houndstooth,3
萌新天堂,2021-09-20 21:33,空有,KU_J9MSP5qy,冰箱,暖石,heatrock,-1
萌新天堂,2021-09-20 21:41,Dream Lord,KU_e-2-CpKC,箱子,冬帽,winterhat,1
萌新天堂,2021-09-20 21:41,#躺平科#科长,KU_vCuBS2Sv,箱子,腐烂物,spoiled_food,-28
萌新天堂,2021-09-20 21:42,#躺平科#科长,KU_vCuBS2Sv,箱子,腐烂物,spoiled_food,17
萌新天堂,2021-09-20 21:42,#躺平科#科长,KU_vCuBS2Sv,箱子,腐烂物,spoiled_food,-17
萌新天堂,2021-09-20 21:44,#躺平科#科长,KU_vCuBS2Sv,冰箱,成熟石果,rock_avocado_fruit_ripe,7
萌新天堂,2021-09-20 21:47,61s mole,KU_0vPtVr7G,冰箱,成熟石果,rock_avocado_fruit_ripe,28
萌新天堂,2021-09-20 21:49,千层套路,KU_0vPtVpg3,冰箱,成熟石果,rock_avocado_fruit_ripe,7
萌新天堂,2021-09-20 21:49,#躺平科#科长,KU_vCuBS2Sv,冰箱,成熟石果,rock_avocado_fruit_ripe,7
萌新天堂,2021-09-20 21:50,千层套路,KU_0vPtVpg3,冰箱,浆果,berries,-31
萌新天堂,2021-09-20 21:54,Dream Lord,KU_e-2-CpKC,菌伞灯,启迪之冠碎片,alterguardianhatshard,-1
萌新天堂,2021-09-20 21:54,Dream Lord,KU_e-2-CpKC,菌伞灯,启迪之冠碎片,alterguardianhatshard,1
萌新天堂,2021-09-20 21:54,Dream Lord,KU_e-2-CpKC,菌伞灯,启迪之冠碎片,alterguardianhatshard,-1
萌新天堂,2021-09-20 21:54,Dream Lord,KU_e-2-CpKC,菌伞灯,启迪之冠碎片,alterguardianhatshard,1
萌新天堂,2021-09-20 21:54,Dream Lord,KU_e-2-CpKC,菌伞灯,启迪之冠碎片,alterguardianhatshard,-1
萌新天堂,2021-09-20 21:54,Dream Lord,KU_e-2-CpKC,菌伞灯,启迪之冠碎片,alterguardianhatshard,1
萌新天堂,2021-09-20 21:54,Dream Lord,KU_e-2-CpKC,菌伞灯,启迪之冠碎片,alterguardianhatshard,-1
萌新天堂,2021-09-20 21:55,Dream Lord,KU_e-2-CpKC,菌伞灯,启迪之冠碎片,alterguardianhatshard,1
萌新天堂,2021-09-20 21:56,#躺平科#科长,KU_vCuBS2Sv,冰箱,蕨叶,foliage,40
萌新天堂,2021-09-20 21:56,#躺平科#科长,KU_vCuBS2Sv,冰箱,蕨叶,foliage,14
萌新天堂,2021-09-20 21:56,#躺平科#科长,KU_vCuBS2Sv,冰箱,成熟石果,rock_avocado_fruit_ripe,-28
萌新天堂,2021-09-20 21:57,哎呀又掉线了,KU_DGg1jADJ,箱子,冬帽,winterhat,-1
萌新天堂,2021-09-20 22:07,千层套路,KU_0vPtVpg3,冰箱,芦笋,asparagus,20
萌新天堂,2021-09-20 22:07,千层套路,KU_0vPtVpg3,冰箱,南瓜,pumpkin,2
萌新天堂,2021-09-20 22:07,千层套路,KU_0vPtVpg3,冰箱,南瓜,pumpkin,2
萌新天堂,2021-09-20 22:07,千层套路,KU_0vPtVpg3,冰箱,芦笋,asparagus,20
萌新天堂,2021-09-20 22:07,千层套路,KU_0vPtVpg3,冰箱,土豆,potato,6
萌新天堂,2021-09-20 22:07,千层套路,KU_0vPtVpg3,冰箱,土豆,potato,6
萌新天堂,2021-09-20 22:08,千层套路,KU_0vPtVpg3,冰箱,南瓜,pumpkin,2
萌新天堂,2021-09-20 22:08,千层套路,KU_0vPtVpg3,冰箱,南瓜,pumpkin,2
萌新天堂,2021-09-20 22:09,千层套路,KU_0vPtVpg3,冰箱,成熟石果,rock_avocado_fruit_ripe,-1
萌新天堂,2021-09-20 22:09,#躺平科#科长,KU_vCuBS2Sv,菌伞灯,荧光果,lightbulb,-1
萌新天堂,2021-09-20 22:09,#躺平科#科长,KU_vCuBS2Sv,菌伞灯,荧光果,lightbulb,1
萌新天堂,2021-09-20 22:09,#躺平科#科长,KU_vCuBS2Sv,菌伞灯,荧光果,lightbulb,-1
萌新天堂,2021-09-20 22:09,#躺平科#科长,KU_vCuBS2Sv,菌伞灯,荧光果,lightbulb,-1
萌新天堂,2021-09-20 22:09,#躺平科#科长,KU_vCuBS2Sv,菌伞灯,荧光果,lightbulb,1
萌新天堂,2021-09-20 22:09,#躺平科#科长,KU_vCuBS2Sv,菌伞灯,荧光果,lightbulb,1
萌新天堂,2021-09-20 22:09,#躺平科#科长,KU_vCuBS2Sv,菌伞灯,荧光果,lightbulb,-1
萌新天堂,2021-09-20 22:09,#躺平科#科长,KU_vCuBS2Sv,菌伞灯,荧光果,lightbulb,-1
萌新天堂,2021-09-20 22:10,#躺平科#科长,KU_vCuBS2Sv,菌伞灯,荧光果,lightbulb,-1
萌新天堂,2021-09-20 22:10,#躺平科#科长,KU_vCuBS2Sv,菌伞灯,荧光果,lightbulb,-1
萌新天堂,2021-09-20 22:10,#躺平科#科长,KU_vCuBS2Sv,菌伞灯,荧光果,lightbulb,1
萌新天堂,2021-09-20 22:10,#躺平科#科长,KU_vCuBS2Sv,菌伞灯,荧光果,lightbulb,1
萌新天堂,2021-09-20 22:10,#躺平科#科长,KU_vCuBS2Sv,菌伞灯,荧光果,lightbulb,1
萌新天堂,2021-09-20 22:10,#躺平科#科长,KU_vCuBS2Sv,菌伞灯,荧光果,lightbulb,1
萌新天堂,2021-09-20 22:10,千层套路,KU_0vPtVpg3,冰箱,成熟石果,rock_avocado_fruit_ripe,4
萌新天堂,2021-09-20 22:13,#躺平科#科长,KU_vCuBS2Sv,冰箱,毛茸茸的种子,potato_seeds,35
萌新天堂,2021-09-20 22:13,#躺平科#科长,KU_vCuBS2Sv,冰箱,土豆,potato,5
萌新天堂,2021-09-20 22:13,#躺平科#科长,KU_vCuBS2Sv,冰箱,筒状种子,asparagus_seeds,27
萌新天堂,2021-09-20 22:13,#躺平科#科长,KU_vCuBS2Sv,冰箱,芦笋,asparagus,33
萌新天堂,2021-09-20 22:13,61s mole,KU_0vPtVr7G,冰箱,芦笋,asparagus,3
萌新天堂,2021-09-20 22:13,#躺平科#科长,KU_vCuBS2Sv,冰箱,南瓜,pumpkin,12
萌新天堂,2021-09-20 22:13,#躺平科#科长,KU_vCuBS2Sv,冰箱,南瓜,pumpkin,20
萌新天堂,2021-09-20 22:13,#躺平科#科长,KU_vCuBS2Sv,冰箱,尖种子,pumpkin_seeds,29
萌新天堂,2021-09-20 22:13,#躺平科#科长,KU_vCuBS2Sv,冰箱,土豆,potato,40
萌新天堂,2021-09-20 22:14,61s mole,KU_0vPtVr7G,冰箱,南瓜,pumpkin,7
萌新天堂,2021-09-20 22:20,#躺平科#科长,KU_vCuBS2Sv,冰箱,毛茸茸的种子,potato_seeds,-35
萌新天堂,2021-09-20 22:21,千层套路,KU_0vPtVpg3,冰箱,土豆,potato,-6
萌新天堂,2021-09-20 22:21,千层套路,KU_0vPtVpg3,冰箱,土豆,potato,6
萌新天堂,2021-09-20 22:21,千层套路,KU_0vPtVpg3,冰箱,土豆,potato,-6
萌新天堂,2021-09-20 22:22,哎呀又掉线了,KU_DGg1jADJ,箱子,蓝宝石,bluegem,1
萌新天堂,2021-09-20 22:22,哎呀又掉线了,KU_DGg1jADJ,箱子,蓝宝石,bluegem,-1
萌新天堂,2021-09-20 22:22,哎呀又掉线了,KU_DGg1jADJ,箱子,蓝宝石,bluegem,1
萌新天堂,2021-09-20 22:22,哎呀又掉线了,KU_DGg1jADJ,箱子,紫宝石,purplegem,1
萌新天堂,2021-09-20 22:23,#躺平科#科长,KU_vCuBS2Sv,冰箱,南瓜,pumpkin,-12
萌新天堂,2021-09-20 22:26,千层套路,KU_0vPtVpg3,冰箱,小发光浆果,wormlight_lesser,4
萌新天堂,2021-09-20 22:26,千层套路,KU_0vPtVpg3,冰箱,荧光果,lightbulb,3
萌新天堂,2021-09-20 22:26,千层套路,KU_0vPtVpg3,冰箱,筒状种子,asparagus_seeds,-27
萌新天堂,2021-09-20 22:28,#躺平科#科长,KU_vCuBS2Sv,冰箱,芦笋,asparagus,-33
萌新天堂,2021-09-20 22:29,千层套路,KU_0vPtVpg3,冰箱,芦笋,asparagus,6
萌新天堂,2021-09-20 22:29,千层套路,KU_0vPtVpg3,冰箱,成熟石果,rock_avocado_fruit_ripe,-1
萌新天堂,2021-09-20 22:31,61s mole,KU_0vPtVr7G,箱子,石头,rocks,-3
萌新天堂,2021-09-20 22:31,#躺平科#科长,KU_vCuBS2Sv,冰箱,南瓜,pumpkin,-20
萌新天堂,2021-09-20 22:35,61s mole,KU_0vPtVr7G,箱子,蕨叶,foliage,40
萌新天堂,2021-09-20 22:35,61s mole,KU_0vPtVr7G,箱子,蕨叶,foliage,-40
萌新天堂,2021-09-20 22:37,哎呀又掉线了,KU_DGg1jADJ,冰箱,冰,ice,13
萌新天堂,2021-09-20 22:42,千层套路,KU_0vPtVpg3,冰箱,南瓜,pumpkin,20
萌新天堂,2021-09-20 22:42,哎呀又掉线了,KU_DGg1jADJ,箱子,鹤嘴锄,pickaxe,1
萌新天堂,2021-09-20 22:42,千层套路,KU_0vPtVpg3,冰箱,南瓜,pumpkin,10
萌新天堂,2021-09-20 22:42,千层套路,KU_0vPtVpg3,冰箱,南瓜,pumpkin,10
萌新天堂,2021-09-20 22:42,千层套路,KU_0vPtVpg3,冰箱,南瓜,pumpkin,10
萌新天堂,2021-09-20 22:42,千层套路,KU_0vPtVpg3,冰箱,南瓜,pumpkin,10
萌新天堂,2021-09-20 22:42,千层套路,KU_0vPtVpg3,冰箱,芦笋,asparagus,3
萌新天堂,2021-09-20 22:43,千层套路,KU_0vPtVpg3,冰箱,土豆,potato,-12
萌新天堂,2021-09-20 22:43,千层套路,KU_0vPtVpg3,冰箱,土豆,potato,39
萌新天堂,2021-09-20 22:43,千层套路,KU_0vPtVpg3,冰箱,毛茸茸的种子,potato_seeds,2
萌新天堂,2021-09-20 22:43,千层套路,KU_0vPtVpg3,冰箱,小发光浆果,wormlight_lesser,1
萌新天堂,2021-09-20 22:43,千层套路,KU_0vPtVpg3,冰箱,腐烂物,spoiled_food,-31
萌新天堂,2021-09-20 22:43,千层套路,KU_0vPtVpg3,冰箱,腐烂物,spoiled_food,31
萌新天堂,2021-09-20 22:45,千层套路,KU_0vPtVpg3,箱子,粪肥,poop,20
萌新天堂,2021-09-20 22:45,千层套路,KU_0vPtVpg3,箱子,粪肥,poop,20
洞窟冒险,2021-09-20 16:07,我是qq,KU_vCuBTOFZ,箱子,火龙果,dragonfruit,-40
洞窟冒险,2021-09-20 16:07,我是qq,KU_vCuBTOFZ,箱子,球茎状种子,dragonfruit_seeds,-40
洞窟冒险,2021-09-20 16:07,我是qq,KU_vCuBTOFZ,箱子,球茎状种子,dragonfruit_seeds,-40
洞窟冒险,2021-09-20 16:07,我是qq,KU_vCuBTOFZ,箱子,火龙果,dragonfruit,-40
洞窟冒险,2021-09-20 16:07,我是qq,KU_vCuBTOFZ,箱子,火龙果,dragonfruit,40
洞窟冒险,2021-09-20 16:07,我是qq,KU_vCuBTOFZ,箱子,火龙果,dragonfruit,40
洞窟冒险,2021-09-20 16:07,我是qq,KU_vCuBTOFZ,箱子,球茎状种子,dragonfruit_seeds,40
洞窟冒险,2021-09-20 16:07,我是qq,KU_vCuBTOFZ,箱子,球茎状种子,dragonfruit_seeds,40
洞窟冒险,2021-09-20 16:07,我是qq,KU_vCuBTOFZ,箱子,浆果,berries,-40
洞窟冒险,2021-09-20 16:07,我是qq,KU_vCuBTOFZ,箱子,浆果,berries,-40
洞窟冒险,2021-09-20 16:07,我是qq,KU_vCuBTOFZ,箱子,浆果,berries,-40
洞窟冒险,2021-09-20 16:07,我是qq,KU_vCuBTOFZ,箱子,浆果,berries,-36
洞窟冒险,2021-09-20 16:10,我是qq,KU_vCuBTOFZ,箱子,浆果,berries,29
洞窟冒险,2021-09-20 16:10,我是qq,KU_vCuBTOFZ,箱子,浆果,berries,40
洞窟冒险,2021-09-20 16:10,我是qq,KU_vCuBTOFZ,箱子,蜂蜜,honey,-40
洞窟冒险,2021-09-20 16:10,我是qq,KU_vCuBTOFZ,箱子,蜂蜜,honey,-40
洞窟冒险,2021-09-20 16:10,我是qq,KU_vCuBTOFZ,箱子,蜂蜜,honey,40
洞窟冒险,2021-09-20 16:10,我是qq,KU_vCuBTOFZ,箱子,蜂蜜,honey,40
洞窟冒险,2021-09-20 16:10,我是qq,KU_vCuBTOFZ,箱子,蜂蜜,honey,-40
洞窟冒险,2021-09-20 16:10,我是qq,KU_vCuBTOFZ,箱子,蜂蜜,honey,-40
洞窟冒险,2021-09-20 16:10,我是qq,KU_vCuBTOFZ,箱子,蜂蜜,honey,-40
洞窟冒险,2021-09-20 16:10,我是qq,KU_vCuBTOFZ,箱子,蜂蜜,honey,-40
洞窟冒险,2021-09-20 16:11,我是qq,KU_vCuBTOFZ,箱子,蜂蜜,honey,40
洞窟冒险,2021-09-20 16:11,我是qq,KU_vCuBTOFZ,箱子,蜂蜜,honey,40
洞窟冒险,2021-09-20 16:11,我是qq,KU_vCuBTOFZ,箱子,蜂蜜,honey,40
洞窟冒险,2021-09-20 16:11,我是qq,KU_vCuBTOFZ,箱子,蜂蜜,honey,40
洞窟冒险,2021-09-20 16:11,我是qq,KU_vCuBTOFZ,箱子,蜂蜜,honey,-40
洞窟冒险,2021-09-20 16:11,我是qq,KU_vCuBTOFZ,箱子,蜂蜜,honey,-40
洞窟冒险,2021-09-20 16:11,我是qq,KU_vCuBTOFZ,箱子,蜂蜜,honey,-40
洞窟冒险,2021-09-20 16:11,我是qq,KU_vCuBTOFZ,箱子,蜂蜜,honey,-40
洞窟冒险,2021-09-20 16:13,我是qq,KU_vCuBTOFZ,箱子,蜂刺,stinger,-40
洞窟冒险,2021-09-20 16:13,我是qq,KU_vCuBTOFZ,箱子,黄色羽毛,feather_canary,-40
洞窟冒险,2021-09-20 16:13,我是qq,KU_vCuBTOFZ,箱子,黄色羽毛,feather_canary,-15
洞窟冒险,2021-09-20 16:14,我是qq,KU_vCuBTOFZ,箱子,蜂刺,stinger,40
洞窟冒险,2021-09-20 16:15,我是qq,KU_vCuBTOFZ,箱子,金块,goldnugget,-20
洞窟冒险,2021-09-20 16:15,我是qq,KU_vCuBTOFZ,箱子,金块,goldnugget,-20
洞窟冒险,2021-09-20 16:15,我是qq,KU_vCuBTOFZ,箱子,金块,goldnugget,-20
洞窟冒险,2021-09-20 16:15,我是qq,KU_vCuBTOFZ,箱子,金块,goldnugget,-20
洞窟冒险,2021-09-20 16:15,我是qq,KU_vCuBTOFZ,箱子,金块,goldnugget,20
洞窟冒险,2021-09-20 16:15,我是qq,KU_vCuBTOFZ,箱子,金块,goldnugget,20
洞窟冒险,2021-09-20 16:15,我是qq,KU_vCuBTOFZ,箱子,金块,goldnugget,20
洞窟冒险,2021-09-20 16:15,我是qq,KU_vCuBTOFZ,箱子,金块,goldnugget,20
洞窟冒险,2021-09-20 16:15,我是qq,KU_vCuBTOFZ,箱子,金块,goldnugget,-20
洞窟冒险,2021-09-20 16:15,我是qq,KU_vCuBTOFZ,箱子,金块,goldnugget,-20
洞窟冒险,2021-09-20 16:15,我是qq,KU_vCuBTOFZ,箱子,金块,goldnugget,-20
洞窟冒险,2021-09-20 16:15,我是qq,KU_vCuBTOFZ,箱子,金块,goldnugget,-20
洞窟冒险,2021-09-20 16:15,我是qq,KU_vCuBTOFZ,箱子,金块,goldnugget,20
洞窟冒险,2021-09-20 16:18,我是qq,KU_vCuBTOFZ,箱子,采下的芦苇,cutreeds,-1
洞窟冒险,2021-09-20 23:29,GianSoarcir,KU_j_aPg6qR,冰箱,怪物肉,monstermeat,1
洞窟冒险,2021-09-20 23:29,GianSoarcir,KU_j_aPg6qR,冰箱,腐烂物,spoiled_food,-2
洞窟冒险,2021-09-20 23:29,GianSoarcir,KU_j_aPg6qR,箱子,噩梦燃料,nightmarefuel,-2
洞窟冒险,2021-09-20 23:30,GianSoarcir,KU_j_aPg6qR,冰箱,腐烂物,spoiled_food,-27
洞窟冒险,2021-09-20 23:30,GianSoarcir,KU_j_aPg6qR,冰箱,腐烂物,spoiled_food,24
洞窟冒险,2021-09-20 23:30,GianSoarcir,KU_j_aPg6qR,冰箱,腐烂物,spoiled_food,-24
洞窟冒险,2021-09-20 23:30,GianSoarcir,KU_j_aPg6qR,冰箱,腐烂物,spoiled_food,21
萌新地洞,2021-09-20 19:26,伤心大脸猫,KU_6BuRQF83,菌伞灯,启迪之冠碎片,alterguardianhatshard,-1
萌新地洞,2021-09-20 19:27,伤心大脸猫,KU_6BuRQF83,冰箱,荧光果,lightbulb,1
萌新地洞,2021-09-20 19:30,伤心大脸猫,KU_6BuRQF83,冰箱,肉,meat,1
萌新地洞,2021-09-20 19:30,伤心大脸猫,KU_6BuRQF83,冰箱,蜂蜜,honey,2
萌新地洞,2021-09-20 19:50,Dream Lord,KU_e-2-CpKC,冰箱,胡萝卜,carrot,21
萌新地洞,2021-09-20 19:50,Dream Lord,KU_e-2-CpKC,冰箱,腐烂物,spoiled_food,-10
萌新地洞,2021-09-20 19:51,Dream Lord,KU_e-2-CpKC,冰箱,腐烂物,spoiled_food,10
萌新地洞,2021-09-20 19:51,Dream Lord,KU_e-2-CpKC,冰箱,腐烂物,spoiled_food,-40
萌新地洞,2021-09-20 19:51,Dream Lord,KU_e-2-CpKC,冰箱,腐烂物,spoiled_food,31
萌新地洞,2021-09-20 19:51,Dream Lord,KU_e-2-CpKC,冰箱,荧光果,lightbulb,11
萌新地洞,2021-09-20 19:51,Dream Lord,KU_e-2-CpKC,冰箱,胡萝卜,carrot,-20
萌新地洞,2021-09-20 19:51,Dream Lord,KU_e-2-CpKC,冰箱,胡萝卜,carrot,17
萌新地洞,2021-09-20 19:51,Dream Lord,KU_e-2-CpKC,冰箱,烤胡萝卜,carrot_cooked,1
萌新地洞,2021-09-20 19:51,Dream Lord,KU_e-2-CpKC,冰箱,烤胡萝卜,carrot_cooked,-1
萌新地洞,2021-09-20 19:51,Dream Lord,KU_e-2-CpKC,冰箱,胡萝卜,carrot,-17
萌新地洞,2021-09-20 19:52,Dream Lord,KU_e-2-CpKC,冰箱,荧光果,lightbulb,-11
冒险世界,2021-09-20 20:06,蓝莓,KU_UnXy3ua0,箱子,蓝宝石,bluegem,-40
冒险世界,2021-09-20 20:06,蓝莓,KU_UnXy3ua0,箱子,蓝宝石,bluegem,37
冒险世界,2021-09-20 20:26,< blank >,KU_vCuBSnvp,箱子,蓝宝石,bluegem,-37
冒险世界,2021-09-20 20:26,< blank >,KU_vCuBSnvp,箱子,蓝宝石,bluegem,35
冒险世界,2021-09-20 20:42,蓝莓,KU_UnXy3ua0,冰箱,腐烂物,spoiled_food,-28
冒险世界,2021-09-20 20:42,蓝莓,KU_UnXy3ua0,冰箱,腐烂物,spoiled_food,-31
冒险世界,2021-09-20 20:42,蓝莓,KU_UnXy3ua0,冰箱,腐烂物,spoiled_food,20
冒险世界,2021-09-20 20:42,蓝莓,KU_UnXy3ua0,冰箱,腐烂物,spoiled_food,-40
冒险世界,2021-09-20 20:42,蓝莓,KU_UnXy3ua0,冰箱,腐烂物,spoiled_food,40
冒险世界,2021-09-20 20:43,蓝莓,KU_UnXy3ua0,冰箱,小肉,smallmeat,31
冒险世界,2021-09-20 20:43,蓝莓,KU_UnXy3ua0,冰箱,小肉,smallmeat,31
冒险世界,2021-09-20 20:43,蓝莓,KU_UnXy3ua0,冰箱,小肉,smallmeat,31
冒险世界,2021-09-20 20:43,蓝莓,KU_UnXy3ua0,冰箱,小肉,smallmeat,31
冒险世界,2021-09-20 20:43,蓝莓,KU_UnXy3ua0,冰箱,小肉,smallmeat,31
冒险世界,2021-09-20 20:55,蓝莓,KU_UnXy3ua0,冰箱,小肉,smallmeat,38
冒险世界,2021-09-20 20:55,蓝莓,KU_UnXy3ua0,冰箱,小肉,smallmeat,-40
冒险世界,2021-09-20 20:55,蓝莓,KU_UnXy3ua0,冰箱,小肉,smallmeat,-39
冒险世界,2021-09-20 20:55,蓝莓,KU_UnXy3ua0,冰箱,小肉,smallmeat,39
冒险世界,2021-09-20 20:55,蓝莓,KU_UnXy3ua0,冰箱,小肉,smallmeat,-38
冒险世界,2021-09-20 20:55,蓝莓,KU_UnXy3ua0,冰箱,小肉,smallmeat,37
冒险世界,2021-09-20 20:55,蓝莓,KU_UnXy3ua0,冰箱,小肉,smallmeat,-37
冒险世界,2021-09-20 20:55,蓝莓,KU_UnXy3ua0,冰箱,小肉,smallmeat,36
冒险世界,2021-09-20 20:55,蓝莓,KU_UnXy3ua0,冰箱,蜂蜜,honey,27
冒险世界,2021-09-20 20:56,蓝莓,KU_UnXy3ua0,冰箱,腐烂物,spoiled_food,-20
冒险世界,2021-09-20 20:56,蓝莓,KU_UnXy3ua0,冰箱,肉丸,meatballs,1
冒险世界,2021-09-20 20:56,蓝莓,KU_UnXy3ua0,冰箱,小肉,smallmeat,35
冒险世界,2021-09-20 20:56,蓝莓,KU_UnXy3ua0,冰箱,小肉,smallmeat,-36
冒险世界,2021-09-20 20:56,蓝莓,KU_UnXy3ua0,冰箱,小肉,smallmeat,34
冒险世界,2021-09-20 20:56,蓝莓,KU_UnXy3ua0,冰箱,小肉,smallmeat,-35
冒险世界,2021-09-20 20:56,蓝莓,KU_UnXy3ua0,冰箱,小肉,smallmeat,-34
冒险世界,2021-09-20 20:56,蓝莓,KU_UnXy3ua0,冰箱,小肉,smallmeat,33
冒险世界,2021-09-20 20:56,蓝莓,KU_UnXy3ua0,冰箱,小肉,smallmeat,-33
冒险世界,2021-09-20 20:56,蓝莓,KU_UnXy3ua0,冰箱,小肉,smallmeat,32
冒险世界,2021-09-20 20:57,蓝莓,KU_UnXy3ua0,冰箱,小肉,smallmeat,-40
冒险世界,2021-09-20 20:57,蓝莓,KU_UnXy3ua0,冰箱,小肉,smallmeat,23
冒险世界,2021-09-20 20:57,蓝莓,KU_UnXy3ua0,冰箱,小肉,smallmeat,22
冒险世界,2021-09-20 20:57,蓝莓,KU_UnXy3ua0,冰箱,小肉,smallmeat,-23
冒险世界,2021-09-20 20:57,蓝莓,KU_UnXy3ua0,冰箱,小肉,smallmeat,21
冒险世界,2021-09-20 20:57,蓝莓,KU_UnXy3ua0,冰箱,小肉,smallmeat,-22
冒险世界,2021-09-20 20:57,蓝莓,KU_UnXy3ua0,冰箱,小肉,smallmeat,20
冒险世界,2021-09-20 20:57,蓝莓,KU_UnXy3ua0,冰箱,小肉,smallmeat,-21
冒险世界,2021-09-20 20:57,蓝莓,KU_UnXy3ua0,冰箱,小肉,smallmeat,-20
冒险世界,2021-09-20 20:57,蓝莓,KU_UnXy3ua0,冰箱,小肉,smallmeat,19
冒险世界,2021-09-20 20:57,蓝莓,KU_UnXy3ua0,冰箱,小肉,smallmeat,-40
冒险世界,2021-09-20 20:57,蓝莓,KU_UnXy3ua0,冰箱,小肉,smallmeat,-40
冒险世界,2021-09-20 20:57,蓝莓,KU_UnXy3ua0,冰箱,小肉,smallmeat,-19
冒险世界,2021-09-20 20:57,蓝莓,KU_UnXy3ua0,冰箱,小肉,smallmeat,19
冒险世界,2021-09-20 20:57,蓝莓,KU_UnXy3ua0,冰箱,小肉,smallmeat,-19
冒险世界,2021-09-20 20:57,蓝莓,KU_UnXy3ua0,冰箱,小肉,smallmeat,18
冒险世界,2021-09-20 20:57,蓝莓,KU_UnXy3ua0,冰箱,小肉,smallmeat,-18
冒险世界,2021-09-20 20:57,蓝莓,KU_UnXy3ua0,冰箱,小肉,smallmeat,17
冒险世界,2021-09-20 20:57,蓝莓,KU_UnXy3ua0,冰箱,小肉,smallmeat,16
冒险世界,2021-09-20 20:57,蓝莓,KU_UnXy3ua0,冰箱,小肉,smallmeat,-17
冒险世界,2021-09-20 20:57,蓝莓,KU_UnXy3ua0,冰箱,小肉,smallmeat,15
冒险世界,2021-09-20 20:57,蓝莓,KU_UnXy3ua0,冰箱,小肉,smallmeat,-16
冒险世界,2021-09-20 20:57,< blank >,KU_vCuBSnvp,冰箱,小肉,smallmeat,33
冒险世界,2021-09-20 20:58,蓝莓,KU_UnXy3ua0,冰箱,小肉,smallmeat,4
冒险世界,2021-09-20 21:10,< blank >,KU_vCuBSnvp,箱子,传送魔杖,telestaff,-1
冒险世界,2021-09-20 21:12,蓝莓,KU_UnXy3ua0,冰箱,肉丸,meatballs,-3
冒险世界,2021-09-20 21:12,蓝莓,KU_UnXy3ua0,冰箱,肉丸,meatballs,1
冒险世界,2021-09-20 21:12,蓝莓,KU_UnXy3ua0,冰箱,蜂蜜,honey,-27
冒险世界,2021-09-20 21:25,< blank >,KU_vCuBSnvp,箱子,石头,rocks,-40
冒险世界,2021-09-20 21:25,< blank >,KU_vCuBSnvp,箱子,石头,rocks,37
冒险世界,2021-09-20 21:27,< blank >,KU_vCuBSnvp,箱子,蓝宝石,bluegem,39
冒险世界,2021-09-20 21:28,< blank >,KU_vCuBSnvp,箱子,鹤嘴锄,pickaxe,1
冒险世界,2021-09-20 21:28,< blank >,KU_vCuBSnvp,箱子,斧头,axe,1
冒险世界,2021-09-20 21:28,< blank >,KU_vCuBSnvp,箱子,木炭,charcoal,40
冒险世界,2021-09-20 21:28,< blank >,KU_vCuBSnvp,箱子,木板,boards,5
冒险世界,2021-09-20 21:28,< blank >,KU_vCuBSnvp,箱子,小木牌,minisign_item,4
冒险世界,2021-09-20 21:28,< blank >,KU_vCuBSnvp,箱子,木头,log,9
冒险世界,2021-09-20 21:28,< blank >,KU_vCuBSnvp,箱子,岩石海滩地皮,turf_pebblebeach,6
冒险世界,2021-09-20 21:28,< blank >,KU_vCuBSnvp,箱子,铲子,shovel,1
冒险世界,2021-09-20 21:29,< blank >,KU_vCuBSnvp,箱子,石墙,wall_stone_item,1
冒险世界,2021-09-20 21:32,< blank >,KU_vCuBSnvp,箱子,南瓜,pumpkin,1
冒险世界,2021-09-20 21:32,< blank >,KU_vCuBSnvp,箱子,采下的草,cutgrass,3
冒险世界,2021-09-20 21:33,< blank >,KU_vCuBSnvp,箱子,锤子,hammer,1
冒险世界,2021-09-20 21:34,< blank >,KU_vCuBSnvp,箱子,锤子,hammer,-1
冒险世界,2021-09-20 21:34,< blank >,KU_vCuBSnvp,箱子,传送魔杖,telestaff,1
冒险世界,2021-09-20 22:15,< blank >,KU_vCuBSnvp,箱子,小木牌,minisign_item,-4
冒险世界,2021-09-20 22:16,< blank >,KU_vCuBSnvp,箱子,小木牌,minisign_item,2
冒险世界,2021-09-20 22:16,< blank >,KU_vCuBSnvp,箱子,木炭,charcoal,-40
冒险世界,2021-09-20 22:19,< blank >,KU_vCuBSnvp,箱子,蓝宝石,bluegem,-39
冒险世界,2021-09-20 22:19,< blank >,KU_vCuBSnvp,箱子,蓝宝石,bluegem,36
冒险世界,2021-09-20 22:26,< blank >,KU_vCuBSnvp,冰箱,小肉,smallmeat,-40
冒险世界,2021-09-20 22:26,< blank >,KU_vCuBSnvp,冰箱,小肉,smallmeat,36
冒险世界,2021-09-20 22:26,< blank >,KU_vCuBSnvp,冰箱,腐烂物,spoiled_food,-40
冒险世界,2021-09-20 22:26,< blank >,KU_vCuBSnvp,冰箱,腐烂物,spoiled_food,-40
冒险世界,2021-09-20 22:26,< blank >,KU_vCuBSnvp,冰箱,腐烂物,spoiled_food,-40
冒险世界,2021-09-20 22:26,< blank >,KU_vCuBSnvp,冰箱,腐烂物,spoiled_food,-40
冒险世界,2021-09-20 22:26,< blank >,KU_vCuBSnvp,冰箱,肉丸,meatballs,-1
冒险世界,2021-09-20 22:26,< blank >,KU_vCuBSnvp,冰箱,腐烂物,spoiled_food,-40
冒险世界,2021-09-20 22:33,< blank >,KU_vCuBSnvp,冰箱,小肉,smallmeat,-36
冒险世界,2021-09-20 22:33,< blank >,KU_vCuBSnvp,冰箱,腐烂物,spoiled_food,36
冒险世界,2021-09-20 22:40,< blank >,KU_vCuBSnvp,箱子,蓝宝石,bluegem,-36
冒险世界,2021-09-20 22:40,< blank >,KU_vCuBSnvp,箱子,蓝宝石,bluegem,34
冒险世界,2021-09-20 22:48,< blank >,KU_vCuBSnvp,箱子,蓝宝石,bluegem,-34
冒险世界,2021-09-20 22:48,< blank >,KU_vCuBSnvp,箱子,蓝宝石,bluegem,33
冒险世界,2021-09-20 23:07,< blank >,KU_vCuBSnvp,箱子,蓝宝石,bluegem,-33
冒险世界,2021-09-20 23:07,< blank >,KU_vCuBSnvp,箱子,蓝宝石,bluegem,32
暗黑历险,2021-09-20 00:01,61s mole,KU_0vPtVr7G,冰箱,肉,meat,-1
暗黑历险,2021-09-20 00:01,61s mole,KU_0vPtVr7G,冰箱,小鱼块,fishmeat_small,1
暗黑历险,2021-09-20 00:01,61s mole,KU_0vPtVr7G,冰箱,肉,meat,1
暗黑历险,2021-09-20 00:01,61s mole,KU_0vPtVr7G,冰箱,鸟蛋,bird_egg,2
暗黑历险,2021-09-20 00:01,61s mole,KU_0vPtVr7G,冰箱,肉,meat,-1
暗黑历险,2021-09-20 00:01,61s mole,KU_0vPtVr7G,冰箱,鸟蛋,bird_egg,1
暗黑历险,2021-09-20 00:01,61s mole,KU_0vPtVr7G,冰箱,鸟蛋,bird_egg,-2
暗黑历险,2021-09-20 00:01,61s mole,KU_0vPtVr7G,冰箱,鸟蛋,bird_egg,-1
暗黑历险,2021-09-20 00:01,61s mole,KU_0vPtVr7G,冰箱,小鱼块,fishmeat_small,-1
暗黑历险,2021-09-20 00:02,Ebili,KU_AEcSMi8l,龙鳞宝箱,石头,rocks,2
暗黑历险,2021-09-20 00:02,Ebili,KU_AEcSMi8l,龙鳞宝箱,耕地机,farm_plow_item,1
暗黑历险,2021-09-20 00:02,Ebili,KU_AEcSMi8l,龙鳞宝箱,钓竿,fishingrod,1
暗黑历险,2021-09-20 00:02,Ebili,KU_AEcSMi8l,龙鳞宝箱,园艺锄,farm_hoe,1
暗黑历险,2021-09-20 00:02,Ebili,KU_AEcSMi8l,龙鳞宝箱,铲子,shovel,1
暗黑历险,2021-09-20 00:02,Ebili,KU_AEcSMi8l,龙鳞宝箱,斧头,axe,1
暗黑历险,2021-09-20 00:02,Ebili,KU_AEcSMi8l,龙鳞宝箱,晨星锤,nightstick,1
暗黑历险,2021-09-20 00:02,Ebili,KU_AEcSMi8l,龙鳞宝箱,树枝,twigs,2
暗黑历险,2021-09-20 00:02,Ebili,KU_AEcSMi8l,龙鳞宝箱,木头,log,6
暗黑历险,2021-09-20 00:02,Ebili,KU_AEcSMi8l,龙鳞宝箱,应用园艺学，简编,book_horticulture,1
暗黑历险,2021-09-20 00:02,Ebili,KU_AEcSMi8l,龙鳞宝箱,应用园艺学，简编,book_horticulture,-1
暗黑历险,2021-09-20 00:03,Ebili,KU_AEcSMi8l,龙鳞宝箱,斧头,axe,-1
暗黑历险,2021-09-20 00:03,Ebili,KU_AEcSMi8l,龙鳞宝箱,木头,log,-14
暗黑历险,2021-09-20 00:03,Ebili,KU_AEcSMi8l,龙鳞宝箱,木头,log,-6
暗黑历险,2021-09-20 00:11,Ebili,KU_AEcSMi8l,冰箱,肉,meat,2
暗黑历险,2021-09-20 00:11,Ebili,KU_AEcSMi8l,冰箱,浆果,berries,5
暗黑历险,2021-09-20 00:11,Ebili,KU_AEcSMi8l,冰箱,桦栗果,acorn,2
暗黑历险,2021-09-20 00:12,61s mole,KU_0vPtVr7G,冰箱,怪物肉,monstermeat,6
暗黑历险,2021-09-20 00:12,61s mole,KU_0vPtVr7G,冰箱,怪物肉,monstermeat,-6
暗黑历险,2021-09-20 00:12,61s mole,KU_0vPtVr7G,冰箱,怪物肉,monstermeat,1
暗黑历险,2021-09-20 00:12,61s mole,KU_0vPtVr7G,冰箱,怪物肉,monstermeat,-1
暗黑历险,2021-09-20 00:12,61s mole,KU_0vPtVr7G,冰箱,怪物肉,monstermeat,5
暗黑历险,2021-09-20 00:12,61s mole,KU_0vPtVr7G,冰箱,浆果,berries,-5
暗黑历险,2021-09-20 00:12,61s mole,KU_0vPtVr7G,冰箱,浆果,berries,5
暗黑历险,2021-09-20 00:12,61s mole,KU_0vPtVr7G,冰箱,桦栗果,acorn,-2
暗黑历险,2021-09-20 00:12,61s mole,KU_0vPtVr7G,冰箱,浆果,berries,-5
暗黑历险,2021-09-20 00:12,61s mole,KU_0vPtVr7G,冰箱,浆果,berries,1
暗黑历险,2021-09-20 00:12,61s mole,KU_0vPtVr7G,冰箱,浆果,berries,4
暗黑历险,2021-09-20 00:12,61s mole,KU_0vPtVr7G,冰箱,浆果,berries,-1
暗黑历险,2021-09-20 00:13,61s mole,KU_0vPtVr7G,冰箱,怪物肉,monstermeat,-5
暗黑历险,2021-09-20 00:13,61s mole,KU_0vPtVr7G,冰箱,怪物肉,monstermeat,1
暗黑历险,2021-09-20 00:13,61s mole,KU_0vPtVr7G,冰箱,怪物肉,monstermeat,-1
暗黑历险,2021-09-20 00:13,61s mole,KU_0vPtVr7G,冰箱,怪物肉,monstermeat,4
暗黑历险,2021-09-20 00:13,61s mole,KU_0vPtVr7G,冰箱,肉,meat,-2
暗黑历险,2021-09-20 00:13,61s mole,KU_0vPtVr7G,冰箱,浆果,berries,-4
暗黑历险,2021-09-20 00:13,61s mole,KU_0vPtVr7G,冰箱,浆果,berries,1
暗黑历险,2021-09-20 00:13,61s mole,KU_0vPtVr7G,冰箱,浆果,berries,3
暗黑历险,2021-09-20 00:13,61s mole,KU_0vPtVr7G,冰箱,浆果,berries,-1
暗黑历险,2021-09-20 00:13,Ebili,KU_AEcSMi8l,龙鳞宝箱,木头,log,15
暗黑历险,2021-09-20 00:15,Ebili,KU_AEcSMi8l,冰箱,胡萝卜,carrot,1
暗黑历险,2021-09-20 00:15,Ebili,KU_AEcSMi8l,冰箱,土豆,potato,1
暗黑历险,2021-09-20 00:15,Ebili,KU_AEcSMi8l,冰箱,芦笋,asparagus,1
暗黑历险,2021-09-20 00:15,Ebili,KU_AEcSMi8l,冰箱,小肉,smallmeat,4
暗黑历险,2021-09-20 00:15,Ebili,KU_AEcSMi8l,冰箱,桦栗果,acorn,2
暗黑历险,2021-09-20 00:15,61s mole,KU_0vPtVr7G,冰箱,茄子,eggplant,1
暗黑历险,2021-09-20 00:15,61s mole,KU_0vPtVr7G,冰箱,漩涡种子,eggplant_seeds,1
暗黑历险,2021-09-20 00:15,61s mole,KU_0vPtVr7G,冰箱,漩涡种子,eggplant_seeds,-1
暗黑历险,2021-09-20 00:16,Ebili,KU_AEcSMi8l,龙鳞宝箱,松果,pinecone,8
暗黑历险,2021-09-20 00:16,Ebili,KU_AEcSMi8l,龙鳞宝箱,耕地机,farm_plow_item,1
暗黑历险,2021-09-20 00:16,61s mole,KU_0vPtVr7G,冰箱,小肉,smallmeat,-4
暗黑历险,2021-09-20 00:16,61s mole,KU_0vPtVr7G,冰箱,小肉,smallmeat,1
暗黑历险,2021-09-20 00:16,61s mole,KU_0vPtVr7G,冰箱,小肉,smallmeat,-1
暗黑历险,2021-09-20 00:16,61s mole,KU_0vPtVr7G,冰箱,小肉,smallmeat,3
暗黑历险,2021-09-20 00:16,61s mole,KU_0vPtVr7G,冰箱,胡萝卜,carrot,-1
暗黑历险,2021-09-20 00:16,61s mole,KU_0vPtVr7G,冰箱,土豆,potato,-1
暗黑历险,2021-09-20 00:16,61s mole,KU_0vPtVr7G,冰箱,怪物肉,monstermeat,-4
暗黑历险,2021-09-20 00:16,61s mole,KU_0vPtVr7G,冰箱,怪物肉,monstermeat,1
暗黑历险,2021-09-20 00:16,61s mole,KU_0vPtVr7G,冰箱,怪物肉,monstermeat,3
暗黑历险,2021-09-20 00:16,61s mole,KU_0vPtVr7G,冰箱,怪物肉,monstermeat,-1
暗黑历险,2021-09-20 00:16,61s mole,KU_0vPtVr7G,冰箱,胡萝卜,carrot,3
暗黑历险,2021-09-20 00:18,61s mole,KU_0vPtVr7G,冰箱,胡萝卜,carrot,-3
暗黑历险,2021-09-20 00:18,61s mole,KU_0vPtVr7G,冰箱,胡萝卜,carrot,1
暗黑历险,2021-09-20 00:18,61s mole,KU_0vPtVr7G,冰箱,胡萝卜,carrot,2
暗黑历险,2021-09-20 00:18,61s mole,KU_0vPtVr7G,冰箱,胡萝卜,carrot,-1
暗黑历险,2021-09-20 00:18,61s mole,KU_0vPtVr7G,冰箱,南瓜,pumpkin,1
暗黑历险,2021-09-20 00:18,Ebili,KU_AEcSMi8l,冰箱,南瓜,pumpkin,1
暗黑历险,2021-09-20 00:18,61s mole,KU_0vPtVr7G,冰箱,桦栗果,acorn,-10
暗黑历险,2021-09-20 00:18,Ebili,KU_AEcSMi8l,冰箱,桦栗果,acorn,-10
暗黑历险,2021-09-20 00:19,61s mole,KU_0vPtVr7G,冰箱,小鱼块,fishmeat_small,3
暗黑历险,2021-09-20 00:19,Ebili,KU_AEcSMi8l,冰箱,浆果,berries,5
暗黑历险,2021-09-20 00:19,Ebili,KU_AEcSMi8l,冰箱,鸟腿,drumstick,4
暗黑历险,2021-09-20 00:19,61s mole,KU_0vPtVr7G,冰箱,南瓜,pumpkin,-1
暗黑历险,2021-09-20 00:20,61s mole,KU_0vPtVr7G,冰箱,蜂蜜,honey,3
暗黑历险,2021-09-20 00:20,61s mole,KU_0vPtVr7G,冰箱,烤桦栗果,acorn_cooked,8
暗黑历险,2021-09-20 00:20,Ebili,KU_AEcSMi8l,冰箱,芦笋,asparagus,-2
暗黑历险,2021-09-20 00:20,Ebili,KU_AEcSMi8l,冰箱,胡萝卜,carrot,-2
暗黑历险,2021-09-20 00:20,Ebili,KU_AEcSMi8l,冰箱,茄子,eggplant,-1
暗黑历险,2021-09-20 00:20,Ebili,KU_AEcSMi8l,龙鳞宝箱,斧头,axe,1
暗黑历险,2021-09-20 00:20,Ebili,KU_AEcSMi8l,龙鳞宝箱,晨星锤,nightstick,1
暗黑历险,2021-09-20 00:20,Ebili,KU_AEcSMi8l,龙鳞宝箱,斧头,axe,-1
暗黑历险,2021-09-20 00:21,61s mole,KU_0vPtVr7G,冰箱,蛙腿,froglegs,1
暗黑历险,2021-09-20 00:21,61s mole,KU_0vPtVr7G,冰箱,怪物肉,monstermeat,-3
暗黑历险,2021-09-20 00:21,61s mole,KU_0vPtVr7G,冰箱,怪物肉,monstermeat,1
暗黑历险,2021-09-20 00:21,61s mole,KU_0vPtVr7G,冰箱,鸟腿,drumstick,-4
暗黑历险,2021-09-20 00:22,61s mole,KU_0vPtVr7G,冰箱,浆果,berries,-4
暗黑历险,2021-09-20 00:22,61s mole,KU_0vPtVr7G,冰箱,浆果,berries,3
暗黑历险,2021-09-20 00:22,61s mole,KU_0vPtVr7G,冰箱,浆果,berries,-5
暗黑历险,2021-09-20 00:22,Ebili,KU_AEcSMi8l,冰箱,浆果,berries,1
暗黑历险,2021-09-20 00:22,61s mole,KU_0vPtVr7G,冰箱,冰,ice,1
暗黑历险,2021-09-20 00:22,61s mole,KU_0vPtVr7G,冰箱,种子,seeds,1
暗黑历险,2021-09-20 00:22,61s mole,KU_0vPtVr7G,冰箱,土豆,potato,1
暗黑历险,2021-09-20 00:22,61s mole,KU_0vPtVr7G,冰箱,南瓜,pumpkin,1
暗黑历险,2021-09-20 00:22,61s mole,KU_0vPtVr7G,冰箱,番茄,tomato,1
暗黑历险,2021-09-20 00:22,61s mole,KU_0vPtVr7G,冰箱,茄子,eggplant,1
暗黑历险,2021-09-20 00:22,61s mole,KU_0vPtVr7G,冰箱,芦笋,asparagus,1
暗黑历险,2021-09-20 00:23,61s mole,KU_0vPtVr7G,冰箱,洞穴香蕉,cave_banana,1
暗黑历险,2021-09-20 00:24,Ebili,KU_AEcSMi8l,龙鳞宝箱,木头,log,5
暗黑历险,2021-09-20 00:24,Ebili,KU_AEcSMi8l,龙鳞宝箱,晨星锤,nightstick,-1
暗黑历险,2021-09-20 00:25,61s mole,KU_0vPtVr7G,冰箱,浆果,berries,-1
暗黑历险,2021-09-20 00:27,Ebili,KU_AEcSMi8l,龙鳞宝箱,耕地机,farm_plow_item,-1
暗黑历险,2021-09-20 00:28,61s mole,KU_0vPtVr7G,冰箱,带电的羊奶,goatmilk,1
暗黑历险,2021-09-20 00:28,61s mole,KU_0vPtVr7G,冰箱,种子,seeds,2
暗黑历险,2021-09-20 00:28,Ebili,KU_AEcSMi8l,龙鳞宝箱,木头,log,-5
暗黑历险,2021-09-20 00:28,Ebili,KU_AEcSMi8l,龙鳞宝箱,木头,log,-8
暗黑历险,2021-09-20 00:28,Ebili,KU_AEcSMi8l,龙鳞宝箱,硝石,nitre,1
暗黑历险,2021-09-20 00:28,Ebili,KU_AEcSMi8l,龙鳞宝箱,燧石,flint,2
暗黑历险,2021-09-20 00:28,Ebili,KU_AEcSMi8l,龙鳞宝箱,应用园艺学，简编,book_horticulture,1
暗黑历险,2021-09-20 00:29,Ebili,KU_AEcSMi8l,冰箱,采摘的绿蘑菇,green_cap,1
暗黑历险,2021-09-20 00:29,Ebili,KU_AEcSMi8l,冰箱,月亮蘑菇,moon_cap,1
暗黑历险,2021-09-20 00:30,Ebili,KU_AEcSMi8l,龙鳞宝箱,应用园艺学，简编,book_horticulture,-1
暗黑历险,2021-09-20 00:31,61s mole,KU_0vPtVr7G,冰箱,海带叶,kelp,1
暗黑历险,2021-09-20 00:31,61s mole,KU_0vPtVr7G,冰箱,烤桦栗果,acorn_cooked,-8
暗黑历险,2021-09-20 00:31,61s mole,KU_0vPtVr7G,冰箱,烤桦栗果,acorn_cooked,1
暗黑历险,2021-09-20 00:31,61s mole,KU_0vPtVr7G,冰箱,烤桦栗果,acorn_cooked,-2
暗黑历险,2021-09-20 00:31,61s mole,KU_0vPtVr7G,冰箱,烤桦栗果,acorn_cooked,6
暗黑历险,2021-09-20 00:31,61s mole,KU_0vPtVr7G,冰箱,小肉,smallmeat,-10
暗黑历险,2021-09-20 00:31,61s mole,KU_0vPtVr7G,冰箱,小肉,smallmeat,1
暗黑历险,2021-09-20 00:31,61s mole,KU_0vPtVr7G,冰箱,小肉,smallmeat,9
暗黑历险,2021-09-20 00:31,61s mole,KU_0vPtVr7G,冰箱,小鱼块,fishmeat_small,-2
暗黑历险,2021-09-20 00:31,61s mole,KU_0vPtVr7G,冰箱,小鱼块,fishmeat_small,2
暗黑历险,2021-09-20 00:31,61s mole,KU_0vPtVr7G,冰箱,小肉,smallmeat,-1
暗黑历险,2021-09-20 00:31,61s mole,KU_0vPtVr7G,冰箱,烤桦栗果,acorn_cooked,-6
暗黑历险,2021-09-20 00:31,61s mole,KU_0vPtVr7G,冰箱,烤桦栗果,acorn_cooked,1
暗黑历险,2021-09-20 00:31,61s mole,KU_0vPtVr7G,冰箱,烤桦栗果,acorn_cooked,-2
暗黑历险,2021-09-20 00:31,61s mole,KU_0vPtVr7G,冰箱,烤桦栗果,acorn_cooked,4
暗黑历险,2021-09-20 00:38,61s mole,KU_0vPtVr7G,冰箱,浆果,berries,2
暗黑历险,2021-09-20 00:39,61s mole,KU_0vPtVr7G,龙鳞宝箱,蜘蛛丝,silk,2
暗黑历险,2021-09-20 00:39,61s mole,KU_0vPtVr7G,龙鳞宝箱,蜘蛛腺,spidergland,3
暗黑历险,2021-09-20 00:39,61s mole,KU_0vPtVr7G,冰箱,种子,seeds,1
暗黑历险,2021-09-20 00:39,Ebili,KU_AEcSMi8l,冰箱,桦栗果,acorn,10
暗黑历险,2021-09-20 00:39,Ebili,KU_AEcSMi8l,冰箱,小肉,smallmeat,4
暗黑历险,2021-09-20 00:39,61s mole,KU_0vPtVr7G,冰箱,种子,seeds,-1
暗黑历险,2021-09-20 00:41,Ebili,KU_AEcSMi8l,龙鳞宝箱,耕地机,farm_plow_item,1
暗黑历险,2021-09-20 00:41,Ebili,KU_AEcSMi8l,龙鳞宝箱,松果,pinecone,6
暗黑历险,2021-09-20 00:41,61s mole,KU_0vPtVr7G,冰箱,桦栗果,acorn,-10
暗黑历险,2021-09-20 00:41,61s mole,KU_0vPtVr7G,冰箱,烤桦栗果,acorn_cooked,10
暗黑历险,2021-09-20 00:41,61s mole,KU_0vPtVr7G,冰箱,烤桦栗果,acorn_cooked,-10
暗黑历险,2021-09-20 00:41,61s mole,KU_0vPtVr7G,冰箱,烤桦栗果,acorn_cooked,1
暗黑历险,2021-09-20 00:41,61s mole,KU_0vPtVr7G,冰箱,烤桦栗果,acorn_cooked,8
暗黑历险,2021-09-20 00:41,61s mole,KU_0vPtVr7G,冰箱,烤桦栗果,acorn_cooked,-2
暗黑历险,2021-09-20 00:43,Ebili,KU_AEcSMi8l,冰箱,必忘我,forgetmelots,1
暗黑历险,2021-09-20 00:43,61s mole,KU_0vPtVr7G,冰箱,番茄,tomato,1
暗黑历险,2021-09-20 00:43,61s mole,KU_0vPtVr7G,冰箱,芦笋,asparagus,1
暗黑历险,2021-09-20 00:43,61s mole,KU_0vPtVr7G,冰箱,胡萝卜,carrot,3
暗黑历险,2021-09-20 00:43,61s mole,KU_0vPtVr7G,冰箱,茄子,eggplant,1
暗黑历险,2021-09-20 00:43,61s mole,KU_0vPtVr7G,冰箱,必忘我,forgetmelots,1
暗黑历险,2021-09-20 00:43,61s mole,KU_0vPtVr7G,冰箱,必忘我,forgetmelots,-1
暗黑历险,2021-09-20 00:43,Ebili,KU_AEcSMi8l,冰箱,茄子,eggplant,-1
暗黑历险,2021-09-20 00:43,Ebili,KU_AEcSMi8l,冰箱,芦笋,asparagus,-1
暗黑历险,2021-09-20 00:43,Ebili,KU_AEcSMi8l,冰箱,胡萝卜,carrot,-3
暗黑历险,2021-09-20 00:43,61s mole,KU_0vPtVr7G,冰箱,芦笋,asparagus,1
暗黑历险,2021-09-20 00:43,Ebili,KU_AEcSMi8l,冰箱,芦笋,asparagus,1
暗黑历险,2021-09-20 00:43,Ebili,KU_AEcSMi8l,冰箱,茄子,eggplant,1
暗黑历险,2021-09-20 00:43,Ebili,KU_AEcSMi8l,冰箱,胡萝卜,carrot,3
暗黑历险,2021-09-20 00:43,Ebili,KU_AEcSMi8l,冰箱,胡萝卜,carrot,-3
暗黑历险,2021-09-20 00:44,61s mole,KU_0vPtVr7G,冰箱,蜂蜜,honey,4
暗黑历险,2021-09-20 00:45,Ebili,KU_AEcSMi8l,冰箱,番茄,tomato,-1
暗黑历险,2021-09-20 00:45,Ebili,KU_AEcSMi8l,冰箱,芦笋,asparagus,-1
暗黑历险,2021-09-20 00:45,Ebili,KU_AEcSMi8l,冰箱,茄子,eggplant,-1
暗黑历险,2021-09-20 00:45,61s mole,KU_0vPtVr7G,冰箱,小鱼块,fishmeat_small,2
暗黑历险,2021-09-20 00:45,61s mole,KU_0vPtVr7G,冰箱,蜂蜜,honey,-4
暗黑历险,2021-09-20 00:45,61s mole,KU_0vPtVr7G,冰箱,蜂蜜,honey,1
暗黑历险,2021-09-20 00:45,61s mole,KU_0vPtVr7G,冰箱,蜂蜜,honey,3
暗黑历险,2021-09-20 00:45,61s mole,KU_0vPtVr7G,冰箱,蜂蜜,honey,-1
暗黑历险,2021-09-20 00:45,61s mole,KU_0vPtVr7G,冰箱,小肉,smallmeat,-4
暗黑历险,2021-09-20 00:45,61s mole,KU_0vPtVr7G,冰箱,小肉,smallmeat,1
暗黑历险,2021-09-20 00:45,61s mole,KU_0vPtVr7G,冰箱,小肉,smallmeat,3
暗黑历险,2021-09-20 00:45,61s mole,KU_0vPtVr7G,冰箱,小肉,smallmeat,-1
暗黑历险,2021-09-20 00:46,Ebili,KU_AEcSMi8l,冰箱,番茄,tomato,1
暗黑历险,2021-09-20 00:46,Ebili,KU_AEcSMi8l,冰箱,芦笋,asparagus,1
暗黑历险,2021-09-20 00:46,Ebili,KU_AEcSMi8l,冰箱,胡萝卜,carrot,3
暗黑历险,2021-09-20 00:46,Ebili,KU_AEcSMi8l,冰箱,茄子,eggplant,1
暗黑历险,2021-09-20 00:46,61s mole,KU_0vPtVr7G,冰箱,浆果,berries,-2
暗黑历险,2021-09-20 00:46,61s mole,KU_0vPtVr7G,冰箱,浆果,berries,1
暗黑历险,2021-09-20 00:46,61s mole,KU_0vPtVr7G,冰箱,蜂蜜,honey,-3
暗黑历险,2021-09-20 00:46,61s mole,KU_0vPtVr7G,冰箱,蜂蜜,honey,2
暗黑历险,2021-09-20 00:46,61s mole,KU_0vPtVr7G,冰箱,茄子,eggplant,-1
暗黑历险,2021-09-20 00:47,61s mole,KU_0vPtVr7G,冰箱,烤桦栗果,acorn_cooked,-10
暗黑历险,2021-09-20 00:47,61s mole,KU_0vPtVr7G,冰箱,烤桦栗果,acorn_cooked,1
暗黑历险,2021-09-20 00:47,61s mole,KU_0vPtVr7G,冰箱,烤桦栗果,acorn_cooked,8
暗黑历险,2021-09-20 00:47,61s mole,KU_0vPtVr7G,冰箱,烤桦栗果,acorn_cooked,-2
暗黑历险,2021-09-20 20:45,61s mole,KU_0vPtVr7G,龙鳞宝箱,腐烂物,spoiled_food,-2
暗黑历险,2021-09-20 20:45,61s mole,KU_0vPtVr7G,龙鳞宝箱,腐烂物,spoiled_food,-3
暗黑历险,2021-09-20 20:45,61s mole,KU_0vPtVr7G,龙鳞宝箱,锤子,hammer,-1
暗黑历险,2021-09-20 20:45,61s mole,KU_0vPtVr7G,龙鳞宝箱,便携烹饪锅,portablecookpot_item,-1
迷你家园,2021-09-20 00:01,『种植园主』,KU_J9MSPzpx,『种植园主』的箱子,黄金园艺锄,golden_farm_hoe,1
迷你家园,2021-09-20 00:01,『种植园主』,KU_J9MSPzpx,『种植园主』的箱子,粪肥,poop,-16
迷你家园,2021-09-20 00:01,『种植园主』,KU_J9MSPzpx,『种植园主』的箱子,粪肥,poop,13
迷你家园,2021-09-20 00:01,春娇与志明,KU_IpHeBnA8,春娇与志明的箱子,蜘蛛丝,silk,8
迷你家园,2021-09-20 00:01,『种植园主』,KU_J9MSPzpx,『种植园主』的箱子,骨头碎片,boneshard,-20
迷你家园,2021-09-20 00:01,『种植园主』,KU_J9MSPzpx,『种植园主』的箱子,木头,log,-19
迷你家园,2021-09-20 00:01,『种植园主』,KU_J9MSPzpx,『种植园主』的箱子,木头,log,15
迷你家园,2021-09-20 00:01,『种植园主』,KU_J9MSPzpx,『种植园主』的箱子,骨头碎片,boneshard,18
迷你家园,2021-09-20 00:01,『种植园主』,KU_J9MSPzpx,『种植园主』的箱子,噩梦燃料,nightmarefuel,-37
迷你家园,2021-09-20 00:01,『种植园主』,KU_J9MSPzpx,『种植园主』的箱子,噩梦燃料,nightmarefuel,33
迷你家园,2021-09-20 00:02,『种植园主』,KU_J9MSPzpx,『种植园主』的箱子,蘑菇皮,shroom_skin,-4
迷你家园,2021-09-20 00:02,『种植园主』,KU_J9MSPzpx,『种植园主』的箱子,蘑菇皮,shroom_skin,4
迷你家园,2021-09-20 00:02,『种植园主』,KU_J9MSPzpx,『种植园主』的箱子,蘑菇皮,shroom_skin,-4
迷你家园,2021-09-20 00:02,『种植园主』,KU_J9MSPzpx,『种植园主』的箱子,蘑菇皮,shroom_skin,3
迷你家园,2021-09-20 00:02,『种植园主』,KU_J9MSPzpx,『种植园主』的菌伞灯,圣诞灯,winter_ornament_light5,-1
迷你家园,2021-09-20 00:04,『种植园主』,KU_J9MSPzpx,蘑菇灯,圣诞灯,winter_ornament_light5,1
迷你家园,2021-09-20 00:21,我是qq,KU_vCuBTOFZ,我是qq的菌伞灯,启迪之冠碎片,alterguardianhatshard,1
迷你家园,2021-09-20 00:59,我是qq,KU_vCuBTOFZ,我是qq的菌伞灯,启迪之冠碎片,alterguardianhatshard,1
迷你家园,2021-09-20 00:59,我是qq,KU_vCuBTOFZ,我是qq的菌伞灯,启迪之冠碎片,alterguardianhatshard,1
迷你家园,2021-09-20 00:59,我是qq,KU_vCuBTOFZ,我是qq的菌伞灯,启迪之冠碎片,alterguardianhatshard,-1
迷你家园,2021-09-20 00:59,我是qq,KU_vCuBTOFZ,我是qq的菌伞灯,启迪之冠碎片,alterguardianhatshard,1
迷你家园,2021-09-20 00:59,我是qq,KU_vCuBTOFZ,我是qq的箱子,船套装,boat_item,1
迷你家园,2021-09-20 00:59,我是qq,KU_vCuBTOFZ,我是qq的箱子,月岩雕像,moonrockidol,-1
迷你家园,2021-09-20 00:59,我是qq,KU_vCuBTOFZ,我是qq的箱子,月岩雕像,moonrockidol,-1
迷你家园,2021-09-20 00:59,我是qq,KU_vCuBTOFZ,我是qq的箱子,月岩雕像,moonrockidol,-1
迷你家园,2021-09-20 00:59,我是qq,KU_vCuBTOFZ,我是qq的箱子,月岩雕像,moonrockidol,-1
迷你家园,2021-09-20 00:59,我是qq,KU_vCuBTOFZ,我是qq的箱子,月岩雕像,moonrockidol,1
迷你家园,2021-09-20 00:59,我是qq,KU_vCuBTOFZ,我是qq的箱子,月岩雕像,moonrockidol,1
迷你家园,2021-09-20 00:59,我是qq,KU_vCuBTOFZ,我是qq的箱子,月岩雕像,moonrockidol,1
迷你家园,2021-09-20 00:59,我是qq,KU_vCuBTOFZ,我是qq的箱子,月岩雕像,moonrockidol,1
迷你家园,2021-09-20 01:00,我是qq,KU_vCuBTOFZ,我是qq的箱子,噩梦燃料,nightmarefuel,-40
迷你家园,2021-09-20 01:00,我是qq,KU_vCuBTOFZ,我是qq的冰箱,冬象鼻,trunk_winter,-1
迷你家园,2021-09-20 14:53,一笑心火,KU_cPYKIGqH,一笑心火的龙鳞宝箱,骨头碎片,boneshard,-1
迷你家园,2021-09-20 14:53,一笑心火,KU_cPYKIGqH,一笑心火的龙鳞宝箱,大理石,marble,-2
迷你家园,2021-09-20 14:53,一笑心火,KU_cPYKIGqH,一笑心火的龙鳞宝箱,红宝石,redgem,-2
迷你家园,2021-09-20 15:05,快乐小虎鲸,KU_SIyU7lUO,快乐小虎鲸的龙鳞宝箱,金块,goldnugget,20
迷你家园,2021-09-20 15:05,快乐小虎鲸,KU_SIyU7lUO,快乐小虎鲸的龙鳞宝箱,金块,goldnugget,20
迷你家园,2021-09-20 15:08,快乐小虎鲸,KU_SIyU7lUO,快乐小虎鲸的龙鳞宝箱,铥矿碎片,thulecite_pieces,-40
迷你家园,2021-09-20 15:08,快乐小虎鲸,KU_SIyU7lUO,快乐小虎鲸的龙鳞宝箱,铥矿碎片,thulecite_pieces,-40
迷你家园,2021-09-20 15:08,快乐小虎鲸,KU_SIyU7lUO,快乐小虎鲸的龙鳞宝箱,铥矿碎片,thulecite_pieces,-40
迷你家园,2021-09-20 15:08,快乐小虎鲸,KU_SIyU7lUO,快乐小虎鲸的龙鳞宝箱,铥矿碎片,thulecite_pieces,-40
迷你家园,2021-09-20 15:22,我是qq,KU_vCuBTOFZ,我是qq的箱子,拆解魔杖,greenstaff,-1
迷你家园,2021-09-20 15:22,我是qq,KU_vCuBTOFZ,箱子,溯源表,pocketwatch_recall,1
迷你家园,2021-09-20 15:22,我是qq,KU_vCuBTOFZ,箱子,不老表,pocketwatch_heal,1
迷你家园,2021-09-20 15:22,我是qq,KU_vCuBTOFZ,箱子,不老表,pocketwatch_heal,1
迷你家园,2021-09-20 15:22,我是qq,KU_vCuBTOFZ,箱子,不老表,pocketwatch_heal,1
迷你家园,2021-09-20 15:22,我是qq,KU_vCuBTOFZ,箱子,时间碎片,pocketwatch_parts,20
迷你家园,2021-09-20 15:22,我是qq,KU_vCuBTOFZ,箱子,溯源表,pocketwatch_recall,1
迷你家园,2021-09-20 15:22,我是qq,KU_vCuBTOFZ,箱子,裂缝表,pocketwatch_portal,1
迷你家园,2021-09-20 15:22,我是qq,KU_vCuBTOFZ,箱子,溯源表,pocketwatch_recall,1
迷你家园,2021-09-20 15:24,我是qq,KU_vCuBTOFZ,箱子,警告表,pocketwatch_weapon,1
迷你家园,2021-09-20 15:25,我是qq,KU_vCuBTOFZ,箱子,骨头碎片,boneshard,16
迷你家园,2021-09-20 15:26,我是qq,KU_vCuBTOFZ,我是qq的箱子,拆解魔杖,greenstaff,1
迷你家园,2021-09-20 15:36,莫言,KU_c1gvcLb4,莫言的箱子,黄金铲子,goldenshovel,-1
迷你家园,2021-09-20 15:37,莫言,KU_c1gvcLb4,莫言的箱子,黄金园艺锄,golden_farm_hoe,-1
迷你家园,2021-09-20 15:37,莫言,KU_c1gvcLb4,莫言的箱子,金块,goldnugget,-7
迷你家园,2021-09-20 15:37,莫言,KU_c1gvcLb4,莫言的箱子,金块,goldnugget,1
迷你家园,2021-09-20 15:37,莫言,KU_c1gvcLb4,莫言的箱子,金块,goldnugget,5
迷你家园,2021-09-20 15:37,莫言,KU_c1gvcLb4,莫言的箱子,金块,goldnugget,-2
迷你家园,2021-09-20 15:38,莫言,KU_c1gvcLb4,莫言的箱子,树枝,twigs,-27
迷你家园,2021-09-20 15:38,莫言,KU_c1gvcLb4,莫言的箱子,树枝,twigs,23
迷你家园,2021-09-20 15:38,莫言,KU_c1gvcLb4,莫言的箱子,黄金园艺锄,golden_farm_hoe,1
迷你家园,2021-09-20 15:38,莫言,KU_c1gvcLb4,莫言的箱子,黄金铲子,goldenshovel,1
迷你家园,2021-09-20 15:38,莫言,KU_c1gvcLb4,莫言的箱子,黄金铲子,goldenshovel,-1
迷你家园,2021-09-20 15:53,莫言,KU_c1gvcLb4,莫言的箱子,黄金铲子,goldenshovel,1
迷你家园,2021-09-20 15:56,莫言,KU_c1gvcLb4,莫言的箱子,黄金铲子,goldenshovel,-1
迷你家园,2021-09-20 15:56,莫言,KU_c1gvcLb4,莫言的箱子,黄金铲子,goldenshovel,1
迷你家园,2021-09-20 16:02,快乐小虎鲸,KU_SIyU7lUO,快乐小虎鲸的龙鳞宝箱,多汁浆果,berries_juicy,40
迷你家园,2021-09-20 16:02,快乐小虎鲸,KU_SIyU7lUO,快乐小虎鲸的龙鳞宝箱,多汁浆果,berries_juicy,40
迷你家园,2021-09-20 16:02,快乐小虎鲸,KU_SIyU7lUO,快乐小虎鲸的龙鳞宝箱,多汁浆果,berries_juicy,40
迷你家园,2021-09-20 16:02,快乐小虎鲸,KU_SIyU7lUO,快乐小虎鲸的龙鳞宝箱,多汁浆果,berries_juicy,40
迷你家园,2021-09-20 16:09,莫言,KU_c1gvcLb4,莫言的箱子,黄金铲子,goldenshovel,-1
迷你家园,2021-09-20 16:20,莫言,KU_c1gvcLb4,莫言的箱子,黄金铲子,goldenshovel,1
迷你家园,2021-09-20 17:07,快乐小虎鲸,KU_SIyU7lUO,快乐小虎鲸的冰箱,暖石,heatrock,1
迷你家园,2021-09-20 17:07,快乐小虎鲸,KU_SIyU7lUO,快乐小虎鲸的冰箱,暖石,heatrock,-1
迷你家园,2021-09-20 17:08,快乐小虎鲸,KU_SIyU7lUO,快乐小虎鲸的龙鳞宝箱,韦伯口哨,spider_whistle,1
迷你家园,2021-09-20 17:09,快乐小虎鲸,KU_SIyU7lUO,快乐小虎鲸的龙鳞宝箱,蛛巢装饰套装,spiderden_bedazzler,1
迷你家园,2021-09-20 17:12,快乐小虎鲸,KU_SIyU7lUO,快乐小虎鲸的龙鳞宝箱,喷吐变身涂鸦,mutator_spitter,3
迷你家园,2021-09-20 17:12,快乐小虎鲸,KU_SIyU7lUO,快乐小虎鲸的龙鳞宝箱,洞穴变身涂鸦,mutator_hider,3
迷你家园,2021-09-20 17:12,快乐小虎鲸,KU_SIyU7lUO,快乐小虎鲸的龙鳞宝箱,海黾变身涂鸦,mutator_water,3
迷你家园,2021-09-20 17:12,快乐小虎鲸,KU_SIyU7lUO,快乐小虎鲸的龙鳞宝箱,护士变身涂鸦,mutator_healer,9
迷你家园,2021-09-20 17:12,快乐小虎鲸,KU_SIyU7lUO,快乐小虎鲸的龙鳞宝箱,悬蛛变身涂鸦,mutator_dropper,3
迷你家园,2021-09-20 17:12,快乐小虎鲸,KU_SIyU7lUO,快乐小虎鲸的龙鳞宝箱,破碎变身涂鸦,mutator_moon,3
迷你家园,2021-09-20 17:33,Bluelue,KU_ceFdllJd,Bluelue的冰箱,暖石,heatrock,-1
迷你家园,2021-09-20 17:34,Bluelue,KU_ceFdllJd,Bluelue的箱子,芦笋冷汤,gazpacho,-20
迷你家园,2021-09-20 17:35,Bluelue,KU_ceFdllJd,Bluelue的冰箱,暖石,heatrock,1
迷你家园,2021-09-20 18:17,莫言,KU_c1gvcLb4,莫言的箱子,黄金铲子,goldenshovel,-1
迷你家园,2021-09-20 18:18,莫言,KU_c1gvcLb4,莫言的箱子,黄金铲子,goldenshovel,1
迷你家园,2021-09-20 19:04,『种植园主』,KU_J9MSPzpx,『种植园主』的箱子,木栅栏,fence_item,5
迷你家园,2021-09-20 19:04,『种植园主』,KU_J9MSPzpx,『种植园主』的箱子,石砖,cutstone,7
迷你家园,2021-09-20 19:05,『种植园主』,KU_J9MSPzpx,『种植园主』的箱子,莎草纸,papyrus,-34
迷你家园,2021-09-20 19:05,『种植园主』,KU_J9MSPzpx,『种植园主』的箱子,灰烬,ash,-10
迷你家园,2021-09-20 19:05,『种植园主』,KU_J9MSPzpx,『种植园主』的箱子,灰烬,ash,10
迷你家园,2021-09-20 19:16,『种植园主』,KU_J9MSPzpx,『种植园主』的箱子,燧石,flint,10
迷你家园,2021-09-20 19:16,『种植园主』,KU_J9MSPzpx,『种植园主』的箱子,燧石,flint,-10
迷你家园,2021-09-20 19:17,『种植园主』,KU_J9MSPzpx,『种植园主』的箱子,月岩,moonrocknugget,-29
迷你家园,2021-09-20 19:17,『种植园主』,KU_J9MSPzpx,『种植园主』的箱子,月岩,moonrocknugget,25
迷你家园,2021-09-20 19:17,『种植园主』,KU_J9MSPzpx,『种植园主』的箱子,紫宝石,purplegem,-31
迷你家园,2021-09-20 19:17,『种植园主』,KU_J9MSPzpx,『种植园主』的箱子,紫宝石,purplegem,27
迷你家园,2021-09-20 19:29,『种植园主』,KU_J9MSPzpx,『种植园主』的箱子,胡子,beardhair,-23
迷你家园,2021-09-20 19:29,『种植园主』,KU_J9MSPzpx,『种植园主』的箱子,牛毛,beefalowool,-35
迷你家园,2021-09-20 19:31,『种植园主』,KU_J9MSPzpx,『种植园主』的箱子,胡子,beardhair,1
迷你家园,2021-09-20 19:31,『种植园主』,KU_J9MSPzpx,『种植园主』的箱子,牛毛,beefalowool,13
迷你家园,2021-09-20 19:31,『种植园主』,KU_J9MSPzpx,『种植园主』的箱子,牛毛,beefalowool,-13
迷你家园,2021-09-20 19:31,『种植园主』,KU_J9MSPzpx,『种植园主』的箱子,牛毛,beefalowool,13
迷你家园,2021-09-20 19:31,『种植园主』,KU_J9MSPzpx,『种植园主』的箱子,胡子,beardhair,-1
迷你家园,2021-09-20 19:31,『种植园主』,KU_J9MSPzpx,『种植园主』的箱子,胡子,beardhair,1
迷你家园,2021-09-20 19:31,『种植园主』,KU_J9MSPzpx,『种植园主』的箱子,蜘蛛丝,silk,16
迷你家园,2021-09-20 19:31,『种植园主』,KU_J9MSPzpx,『种植园主』的箱子,蜘蛛丝,silk,-16
迷你家园,2021-09-20 20:31,快乐小虎鲸,KU_SIyU7lUO,快乐小虎鲸的龙鳞宝箱,叶肉,plantmeat,20
迷你家园,2021-09-20 20:31,快乐小虎鲸,KU_SIyU7lUO,快乐小虎鲸的龙鳞宝箱,叶肉,plantmeat,20
迷你家园,2021-09-20 20:31,快乐小虎鲸,KU_SIyU7lUO,快乐小虎鲸的龙鳞宝箱,叶肉,plantmeat,20
迷你家园,2021-09-20 20:31,快乐小虎鲸,KU_SIyU7lUO,快乐小虎鲸的龙鳞宝箱,叶肉,plantmeat,20
迷你家园,2021-09-20 20:31,快乐小虎鲸,KU_SIyU7lUO,快乐小虎鲸的龙鳞宝箱,叶肉,plantmeat,20
迷你家园,2021-09-20 20:31,快乐小虎鲸,KU_SIyU7lUO,快乐小虎鲸的龙鳞宝箱,叶肉,plantmeat,20
迷你家园,2021-09-20 20:31,快乐小虎鲸,KU_SIyU7lUO,快乐小虎鲸的龙鳞宝箱,叶肉,plantmeat,20
迷你家园,2021-09-20 20:31,快乐小虎鲸,KU_SIyU7lUO,快乐小虎鲸的龙鳞宝箱,叶肉,plantmeat,20
迷你家园,2021-09-20 20:37,GianSoarcir,KU_j_aPg6qR,GianSoarcir的龙鳞宝箱,锤子,hammer,-1
迷你家园,2021-09-20 20:38,GianSoarcir,KU_j_aPg6qR,GianSoarcir的龙鳞宝箱,锤子,hammer,1
迷你家园,2021-09-20 20:38,GianSoarcir,KU_j_aPg6qR,GianSoarcir的龙鳞宝箱,锤子,hammer,-1
迷你家园,2021-09-20 20:38,GianSoarcir,KU_j_aPg6qR,GianSoarcir的龙鳞宝箱,黄金铲子,goldenshovel,-1
迷你家园,2021-09-20 20:38,GianSoarcir,KU_j_aPg6qR,GianSoarcir的龙鳞宝箱,黄金铲子,goldenshovel,1
迷你家园,2021-09-20 20:38,GianSoarcir,KU_j_aPg6qR,GianSoarcir的龙鳞宝箱,干草叉,pitchfork,-1
迷你家园,2021-09-20 20:38,GianSoarcir,KU_j_aPg6qR,GianSoarcir的龙鳞宝箱,干草叉,pitchfork,1
迷你家园,2021-09-20 21:11,快乐小虎鲸,KU_SIyU7lUO,快乐小虎鲸的龙鳞宝箱,多汁浆果,berries_juicy,40
迷你家园,2021-09-20 21:11,快乐小虎鲸,KU_SIyU7lUO,快乐小虎鲸的龙鳞宝箱,多汁浆果,berries_juicy,40
迷你家园,2021-09-20 21:11,快乐小虎鲸,KU_SIyU7lUO,快乐小虎鲸的龙鳞宝箱,多汁浆果,berries_juicy,40
迷你家园,2021-09-20 21:11,快乐小虎鲸,KU_SIyU7lUO,快乐小虎鲸的龙鳞宝箱,多汁浆果,berries_juicy,40
迷你家园,2021-09-20 21:11,快乐小虎鲸,KU_SIyU7lUO,快乐小虎鲸的龙鳞宝箱,多汁浆果,berries_juicy,40
迷你家园,2021-09-20 21:11,快乐小虎鲸,KU_SIyU7lUO,快乐小虎鲸的龙鳞宝箱,多汁浆果,berries_juicy,40
迷你家园,2021-09-20 21:11,快乐小虎鲸,KU_SIyU7lUO,快乐小虎鲸的龙鳞宝箱,多汁浆果,berries_juicy,40
迷你家园,2021-09-20 21:11,快乐小虎鲸,KU_SIyU7lUO,快乐小虎鲸的龙鳞宝箱,多汁浆果,berries_juicy,40
迷你家园,2021-09-20 21:11,快乐小虎鲸,KU_SIyU7lUO,快乐小虎鲸的龙鳞宝箱,多汁浆果,berries_juicy,40
迷你家园,2021-09-20 21:11,快乐小虎鲸,KU_SIyU7lUO,快乐小虎鲸的龙鳞宝箱,多汁浆果,berries_juicy,40
迷你家园,2021-09-20 21:11,快乐小虎鲸,KU_SIyU7lUO,快乐小虎鲸的龙鳞宝箱,多汁浆果,berries_juicy,40
迷你家园,2021-09-20 21:11,快乐小虎鲸,KU_SIyU7lUO,快乐小虎鲸的龙鳞宝箱,多汁浆果,berries_juicy,40
迷你家园,2021-09-20 21:15,快乐小虎鲸,KU_SIyU7lUO,快乐小虎鲸的龙鳞宝箱,生鱼肉,fishmeat,20
迷你家园,2021-09-20 21:15,快乐小虎鲸,KU_SIyU7lUO,快乐小虎鲸的龙鳞宝箱,生鱼肉,fishmeat,20
迷你家园,2021-09-20 21:15,快乐小虎鲸,KU_SIyU7lUO,快乐小虎鲸的龙鳞宝箱,生鱼肉,fishmeat,20
迷你家园,2021-09-20 21:15,快乐小虎鲸,KU_SIyU7lUO,快乐小虎鲸的龙鳞宝箱,生鱼肉,fishmeat,20
迷你家园,2021-09-20 21:15,快乐小虎鲸,KU_SIyU7lUO,快乐小虎鲸的龙鳞宝箱,生鱼肉,fishmeat,-20
迷你家园,2021-09-20 21:15,快乐小虎鲸,KU_SIyU7lUO,快乐小虎鲸的龙鳞宝箱,生鱼肉,fishmeat,-20
迷你家园,2021-09-20 21:15,快乐小虎鲸,KU_SIyU7lUO,快乐小虎鲸的龙鳞宝箱,生鱼肉,fishmeat,-20
迷你家园,2021-09-20 21:15,快乐小虎鲸,KU_SIyU7lUO,快乐小虎鲸的龙鳞宝箱,生鱼肉,fishmeat,-20
迷你家园,2021-09-20 21:15,快乐小虎鲸,KU_SIyU7lUO,快乐小虎鲸的龙鳞宝箱,小鱼块,fishmeat_small,-20
迷你家园,2021-09-20 21:15,快乐小虎鲸,KU_SIyU7lUO,快乐小虎鲸的龙鳞宝箱,生鱼肉,fishmeat,20
迷你家园,2021-09-20 21:15,快乐小虎鲸,KU_SIyU7lUO,快乐小虎鲸的龙鳞宝箱,生鱼肉,fishmeat,20
迷你家园,2021-09-20 21:15,快乐小虎鲸,KU_SIyU7lUO,快乐小虎鲸的龙鳞宝箱,生鱼肉,fishmeat,20
迷你家园,2021-09-20 21:15,快乐小虎鲸,KU_SIyU7lUO,快乐小虎鲸的龙鳞宝箱,生鱼肉,fishmeat,20
迷你家园,2021-09-20 21:15,快乐小虎鲸,KU_SIyU7lUO,快乐小虎鲸的龙鳞宝箱,小鱼块,fishmeat_small,-20
迷你家园,2021-09-20 21:15,快乐小虎鲸,KU_SIyU7lUO,快乐小虎鲸的龙鳞宝箱,小鱼块,fishmeat_small,-20
迷你家园,2021-09-20 21:15,快乐小虎鲸,KU_SIyU7lUO,快乐小虎鲸的龙鳞宝箱,小鱼块,fishmeat_small,-20
迷你家园,2021-09-20 21:15,快乐小虎鲸,KU_SIyU7lUO,快乐小虎鲸的龙鳞宝箱,小鱼块,fishmeat_small,20
迷你家园,2021-09-20 21:15,快乐小虎鲸,KU_SIyU7lUO,快乐小虎鲸的龙鳞宝箱,小鱼块,fishmeat_small,20
迷你家园,2021-09-20 21:15,快乐小虎鲸,KU_SIyU7lUO,快乐小虎鲸的龙鳞宝箱,小鱼块,fishmeat_small,20
迷你家园,2021-09-20 21:15,快乐小虎鲸,KU_SIyU7lUO,快乐小虎鲸的龙鳞宝箱,小鱼块,fishmeat_small,20
迷你家园,2021-09-20 21:34,Bluelue,KU_ceFdllJd,Bluelue的龙鳞宝箱,暖石,heatrock,-1
迷你家园,2021-09-20 21:35,Bluelue,KU_ceFdllJd,Bluelue的箱子,辣龙椒沙拉,dragonchilisalad,-27
迷你家园,2021-09-20 21:38,Bluelue,KU_ceFdllJd,Bluelue的龙鳞宝箱,暖石,heatrock,1
迷你家园,2021-09-20 21:41,小希,KU_1_XnbmU3,小希的箱子,时间碎片,pocketwatch_parts,-2
迷你家园,2021-09-20 21:41,小希,KU_1_XnbmU3,小希的箱子,活木头,livinglog,-15
迷你家园,2021-09-20 21:42,小希,KU_1_XnbmU3,小希的箱子,骨头碎片,boneshard,-20
迷你家园,2021-09-20 21:42,小希,KU_1_XnbmU3,小希的箱子,骨头碎片,boneshard,16
迷你家园,2021-09-20 21:42,小希,KU_1_XnbmU3,小希的箱子,活木头,livinglog,13
迷你家园,2021-09-20 21:44,小希,KU_1_XnbmU3,小希的箱子,球茎状种子,dragonfruit_seeds,19
迷你家园,2021-09-20 21:45,小希,KU_1_XnbmU3,小希的箱子,石果,rock_avocado_fruit,40
迷你家园,2021-09-20 21:45,小希,KU_1_XnbmU3,小希的箱子,石果,rock_avocado_fruit,40
迷你家园,2021-09-20 21:45,小希,KU_1_XnbmU3,小希的箱子,石果,rock_avocado_fruit,40
迷你家园,2021-09-20 21:45,小希,KU_1_XnbmU3,小希的箱子,石果,rock_avocado_fruit,18
迷你家园,2021-09-20 21:46,小希,KU_1_XnbmU3,小希的箱子,大理石,marble,-6
迷你家园,2021-09-20 21:46,小希,KU_1_XnbmU3,小希的箱子,红宝石,redgem,-40
迷你家园,2021-09-20 21:46,小希,KU_1_XnbmU3,小希的箱子,红宝石,redgem,39
迷你家园,2021-09-20 21:46,小希,KU_1_XnbmU3,小希的箱子,大理石,marble,4
迷你家园,2021-09-20 21:47,小希,KU_1_XnbmU3,小希的冰箱,暖石,heatrock,-1
迷你家园,2021-09-20 21:48,小希,KU_1_XnbmU3,小希的箱子,锤子,hammer,-1
迷你家园,2021-09-20 21:50,小希,KU_1_XnbmU3,小希的箱子,月岩雕像,moonrockidol,-1
迷你家园,2021-09-20 21:50,小希,KU_1_XnbmU3,小希的箱子,月岩雕像,moonrockidol,-1
迷你家园,2021-09-20 22:07,我是qq,KU_vCuBTOFZ,我是qq的箱子,毛茸茸的种子,potato_seeds,-40
迷你家园,2021-09-20 22:07,我是qq,KU_vCuBTOFZ,我是qq的箱子,种子荚,garlic_seeds,-40
迷你家园,2021-09-20 22:07,我是qq,KU_vCuBTOFZ,我是qq的箱子,带刺的种子,tomato_seeds,-40
迷你家园,2021-09-20 22:07,我是qq,KU_vCuBTOFZ,我是qq的箱子,毛茸茸的种子,potato_seeds,-40
迷你家园,2021-09-20 22:07,我是qq,KU_vCuBTOFZ,我是qq的箱子,带刺的种子,tomato_seeds,40
迷你家园,2021-09-20 22:07,我是qq,KU_vCuBTOFZ,我是qq的箱子,毛茸茸的种子,potato_seeds,40
迷你家园,2021-09-20 22:07,我是qq,KU_vCuBTOFZ,我是qq的箱子,种子荚,garlic_seeds,40
迷你家园,2021-09-20 22:07,我是qq,KU_vCuBTOFZ,我是qq的箱子,毛茸茸的种子,potato_seeds,40
迷你家园,2021-09-20 22:07,我是qq,KU_vCuBTOFZ,我是qq的箱子,球茎状种子,dragonfruit_seeds,-40
迷你家园,2021-09-20 22:07,我是qq,KU_vCuBTOFZ,我是qq的箱子,球茎状种子,dragonfruit_seeds,-31
迷你家园,2021-09-20 22:07,我是qq,KU_vCuBTOFZ,我是qq的箱子,球茎状种子,dragonfruit_seeds,-40
迷你家园,2021-09-20 22:07,我是qq,KU_vCuBTOFZ,我是qq的箱子,球茎状种子,dragonfruit_seeds,-40
迷你家园,2021-09-20 22:07,我是qq,KU_vCuBTOFZ,我是qq的箱子,球茎状种子,dragonfruit_seeds,40
迷你家园,2021-09-20 22:07,我是qq,KU_vCuBTOFZ,我是qq的箱子,球茎状种子,dragonfruit_seeds,40
迷你家园,2021-09-20 22:07,我是qq,KU_vCuBTOFZ,我是qq的箱子,球茎状种子,dragonfruit_seeds,31
迷你家园,2021-09-20 22:07,我是qq,KU_vCuBTOFZ,我是qq的箱子,球茎状种子,dragonfruit_seeds,40
迷你家园,2021-09-20 22:07,我是qq,KU_vCuBTOFZ,我是qq的箱子,种子荚,garlic_seeds,-26
迷你家园,2021-09-20 22:07,我是qq,KU_vCuBTOFZ,我是qq的箱子,种子荚,garlic_seeds,-40
迷你家园,2021-09-20 22:07,我是qq,KU_vCuBTOFZ,我是qq的箱子,带刺的种子,tomato_seeds,-40
迷你家园,2021-09-20 22:07,我是qq,KU_vCuBTOFZ,我是qq的箱子,带刺的种子,tomato_seeds,-40
迷你家园,2021-09-20 22:07,我是qq,KU_vCuBTOFZ,我是qq的箱子,带刺的种子,tomato_seeds,40
迷你家园,2021-09-20 22:07,我是qq,KU_vCuBTOFZ,我是qq的箱子,种子荚,garlic_seeds,26
迷你家园,2021-09-20 22:07,我是qq,KU_vCuBTOFZ,我是qq的箱子,种子荚,garlic_seeds,40
迷你家园,2021-09-20 22:07,我是qq,KU_vCuBTOFZ,我是qq的箱子,带刺的种子,tomato_seeds,40
迷你家园,2021-09-20 22:07,我是qq,KU_vCuBTOFZ,我是qq的箱子,唤星者魔杖,yellowstaff,-1
迷你家园,2021-09-20 22:07,我是qq,KU_vCuBTOFZ,我是qq的箱子,唤星者魔杖,yellowstaff,-1
迷你家园,2021-09-20 22:07,我是qq,KU_vCuBTOFZ,我是qq的箱子,唤星者魔杖,yellowstaff,-1
迷你家园,2021-09-20 22:07,我是qq,KU_vCuBTOFZ,我是qq的箱子,唤星者魔杖,yellowstaff,-1
迷你家园,2021-09-20 22:07,我是qq,KU_vCuBTOFZ,我是qq的箱子,唤星者魔杖,yellowstaff,1
迷你家园,2021-09-20 22:07,我是qq,KU_vCuBTOFZ,我是qq的箱子,唤星者魔杖,yellowstaff,1
迷你家园,2021-09-20 22:07,我是qq,KU_vCuBTOFZ,我是qq的箱子,唤星者魔杖,yellowstaff,1
迷你家园,2021-09-20 22:07,我是qq,KU_vCuBTOFZ,我是qq的箱子,唤星者魔杖,yellowstaff,1
迷你家园,2021-09-20 22:07,我是qq,KU_vCuBTOFZ,我是qq的箱子,松果,pinecone,-40
迷你家园,2021-09-20 22:07,我是qq,KU_vCuBTOFZ,我是qq的箱子,松果,pinecone,-40
迷你家园,2021-09-20 22:07,我是qq,KU_vCuBTOFZ,我是qq的箱子,松果,pinecone,-40
迷你家园,2021-09-20 22:07,我是qq,KU_vCuBTOFZ,我是qq的箱子,松果,pinecone,-40
迷你家园,2021-09-20 22:07,我是qq,KU_vCuBTOFZ,我是qq的箱子,松果,pinecone,40
迷你家园,2021-09-20 22:07,我是qq,KU_vCuBTOFZ,我是qq的箱子,松果,pinecone,40
迷你家园,2021-09-20 22:07,我是qq,KU_vCuBTOFZ,我是qq的箱子,松果,pinecone,40
迷你家园,2021-09-20 22:07,我是qq,KU_vCuBTOFZ,我是qq的箱子,松果,pinecone,40
迷你家园,2021-09-20 22:07,我是qq,KU_vCuBTOFZ,我是qq的箱子,松果,pinecone,-40
迷你家园,2021-09-20 22:07,我是qq,KU_vCuBTOFZ,我是qq的箱子,松果,pinecone,-40
迷你家园,2021-09-20 22:07,我是qq,KU_vCuBTOFZ,我是qq的箱子,松果,pinecone,-40
迷你家园,2021-09-20 22:07,我是qq,KU_vCuBTOFZ,我是qq的箱子,松果,pinecone,-40
迷你家园,2021-09-20 22:07,我是qq,KU_vCuBTOFZ,我是qq的箱子,松果,pinecone,40
迷你家园,2021-09-20 22:07,我是qq,KU_vCuBTOFZ,我是qq的箱子,松果,pinecone,40
迷你家园,2021-09-20 22:07,我是qq,KU_vCuBTOFZ,我是qq的箱子,松果,pinecone,40
迷你家园,2021-09-20 22:07,我是qq,KU_vCuBTOFZ,我是qq的箱子,松果,pinecone,40
迷你家园,2021-09-20 22:07,我是qq,KU_vCuBTOFZ,我是qq的箱子,唤星者魔杖,yellowstaff,-1
迷你家园,2021-09-20 22:08,我是qq,KU_vCuBTOFZ,我是qq的箱子,唤星者魔杖,yellowstaff,1
迷你家园,2021-09-20 22:08,我是qq,KU_vCuBTOFZ,我是qq的箱子,懒人护符,orangeamulet,-1
迷你家园,2021-09-20 22:08,我是qq,KU_vCuBTOFZ,我是qq的箱子,懒人护符,orangeamulet,-1
迷你家园,2021-09-20 22:08,我是qq,KU_vCuBTOFZ,我是qq的箱子,懒人护符,orangeamulet,-1
迷你家园,2021-09-20 22:08,我是qq,KU_vCuBTOFZ,我是qq的箱子,懒人护符,orangeamulet,-1
迷你家园,2021-09-20 22:08,我是qq,KU_vCuBTOFZ,我是qq的箱子,懒人护符,orangeamulet,1
迷你家园,2021-09-20 22:08,我是qq,KU_vCuBTOFZ,我是qq的箱子,懒人护符,orangeamulet,1
迷你家园,2021-09-20 22:08,我是qq,KU_vCuBTOFZ,我是qq的箱子,懒人护符,orangeamulet,1
迷你家园,2021-09-20 22:08,我是qq,KU_vCuBTOFZ,我是qq的箱子,懒人护符,orangeamulet,1
迷你家园,2021-09-20 22:28,糖果,KU_fXPG_1R_,糖果的箱子,树枝,twigs,31
迷你家园,2021-09-20 22:36,快乐小虎鲸,KU_SIyU7lUO,快乐小虎鲸的龙鳞宝箱,金块,goldnugget,20
迷你家园,2021-09-20 22:36,快乐小虎鲸,KU_SIyU7lUO,快乐小虎鲸的龙鳞宝箱,金块,goldnugget,20
迷你家园,2021-09-20 22:36,快乐小虎鲸,KU_SIyU7lUO,快乐小虎鲸的龙鳞宝箱,金块,goldnugget,20
迷你家园,2021-09-20 22:36,快乐小虎鲸,KU_SIyU7lUO,快乐小虎鲸的龙鳞宝箱,金块,goldnugget,20
迷你家园,2021-09-20 22:36,快乐小虎鲸,KU_SIyU7lUO,快乐小虎鲸的龙鳞宝箱,金块,goldnugget,20
迷你家园,2021-09-20 22:36,快乐小虎鲸,KU_SIyU7lUO,快乐小虎鲸的龙鳞宝箱,金块,goldnugget,20
迷你家园,2021-09-20 22:36,快乐小虎鲸,KU_SIyU7lUO,快乐小虎鲸的龙鳞宝箱,金块,goldnugget,20
迷你家园,2021-09-20 22:36,快乐小虎鲸,KU_SIyU7lUO,快乐小虎鲸的龙鳞宝箱,金块,goldnugget,20
迷你家园,2021-09-20 22:36,快乐小虎鲸,KU_SIyU7lUO,快乐小虎鲸的龙鳞宝箱,金块,goldnugget,20
迷你家园,2021-09-20 22:36,快乐小虎鲸,KU_SIyU7lUO,快乐小虎鲸的龙鳞宝箱,金块,goldnugget,20
迷你家园,2021-09-20 22:36,快乐小虎鲸,KU_SIyU7lUO,快乐小虎鲸的龙鳞宝箱,金块,goldnugget,20
迷你家园,2021-09-20 22:36,快乐小虎鲸,KU_SIyU7lUO,快乐小虎鲸的龙鳞宝箱,金块,goldnugget,20
迷你家园,2021-09-20 22:36,快乐小虎鲸,KU_SIyU7lUO,快乐小虎鲸的龙鳞宝箱,金块,goldnugget,20
迷你家园,2021-09-20 22:36,快乐小虎鲸,KU_SIyU7lUO,快乐小虎鲸的龙鳞宝箱,金块,goldnugget,20
迷你家园,2021-09-20 22:36,快乐小虎鲸,KU_SIyU7lUO,快乐小虎鲸的龙鳞宝箱,金块,goldnugget,20
迷你家园,2021-09-20 22:36,快乐小虎鲸,KU_SIyU7lUO,快乐小虎鲸的龙鳞宝箱,金块,goldnugget,20
迷你家园,2021-09-20 22:36,快乐小虎鲸,KU_SIyU7lUO,快乐小虎鲸的龙鳞宝箱,金块,goldnugget,20
迷你家园,2021-09-20 22:36,快乐小虎鲸,KU_SIyU7lUO,快乐小虎鲸的龙鳞宝箱,金块,goldnugget,20
迷你家园,2021-09-20 22:36,快乐小虎鲸,KU_SIyU7lUO,快乐小虎鲸的龙鳞宝箱,金块,goldnugget,20
迷你家园,2021-09-20 22:36,快乐小虎鲸,KU_SIyU7lUO,快乐小虎鲸的龙鳞宝箱,金块,goldnugget,20
迷你家园,2021-09-20 22:36,快乐小虎鲸,KU_SIyU7lUO,快乐小虎鲸的龙鳞宝箱,金块,goldnugget,20
迷你家园,2021-09-20 22:36,快乐小虎鲸,KU_SIyU7lUO,快乐小虎鲸的龙鳞宝箱,金块,goldnugget,20
迷你家园,2021-09-20 22:36,快乐小虎鲸,KU_SIyU7lUO,快乐小虎鲸的龙鳞宝箱,金块,goldnugget,20
迷你家园,2021-09-20 22:36,快乐小虎鲸,KU_SIyU7lUO,快乐小虎鲸的龙鳞宝箱,金块,goldnugget,20
迷你家园,2021-09-20 22:36,快乐小虎鲸,KU_SIyU7lUO,快乐小虎鲸的龙鳞宝箱,金块,goldnugget,20
迷你家园,2021-09-20 22:36,快乐小虎鲸,KU_SIyU7lUO,快乐小虎鲸的龙鳞宝箱,金块,goldnugget,20
迷你家园,2021-09-20 22:36,快乐小虎鲸,KU_SIyU7lUO,快乐小虎鲸的龙鳞宝箱,金块,goldnugget,20
迷你家园,2021-09-20 22:36,快乐小虎鲸,KU_SIyU7lUO,快乐小虎鲸的龙鳞宝箱,金块,goldnugget,20
迷你家园,2021-09-20 22:36,快乐小虎鲸,KU_SIyU7lUO,快乐小虎鲸的龙鳞宝箱,金块,goldnugget,20
迷你家园,2021-09-20 22:36,快乐小虎鲸,KU_SIyU7lUO,快乐小虎鲸的龙鳞宝箱,金块,goldnugget,20
迷你家园,2021-09-20 22:36,快乐小虎鲸,KU_SIyU7lUO,快乐小虎鲸的龙鳞宝箱,金块,goldnugget,20
迷你家园,2021-09-20 22:36,快乐小虎鲸,KU_SIyU7lUO,快乐小虎鲸的龙鳞宝箱,金块,goldnugget,20
迷你家园,2021-09-20 22:36,快乐小虎鲸,KU_SIyU7lUO,快乐小虎鲸的龙鳞宝箱,金块,goldnugget,-10
迷你家园,2021-09-20 22:36,快乐小虎鲸,KU_SIyU7lUO,快乐小虎鲸的龙鳞宝箱,金块,goldnugget,-10
迷你家园,2021-09-20 22:36,快乐小虎鲸,KU_SIyU7lUO,快乐小虎鲸的龙鳞宝箱,金块,goldnugget,-20
迷你家园,2021-09-20 22:36,快乐小虎鲸,KU_SIyU7lUO,快乐小虎鲸的龙鳞宝箱,金块,goldnugget,-20
迷你家园,2021-09-20 22:36,快乐小虎鲸,KU_SIyU7lUO,快乐小虎鲸的龙鳞宝箱,金块,goldnugget,-20
迷你家园,2021-09-20 22:36,快乐小虎鲸,KU_SIyU7lUO,快乐小虎鲸的龙鳞宝箱,金块,goldnugget,-20
迷你家园,2021-09-20 22:36,快乐小虎鲸,KU_SIyU7lUO,快乐小虎鲸的龙鳞宝箱,金块,goldnugget,20
迷你家园,2021-09-20 22:36,快乐小虎鲸,KU_SIyU7lUO,快乐小虎鲸的龙鳞宝箱,金块,goldnugget,20
迷你家园,2021-09-20 22:36,快乐小虎鲸,KU_SIyU7lUO,快乐小虎鲸的龙鳞宝箱,金块,goldnugget,20
迷你家园,2021-09-20 22:36,快乐小虎鲸,KU_SIyU7lUO,快乐小虎鲸的龙鳞宝箱,金块,goldnugget,20
迷你家园,2021-09-20 22:36,快乐小虎鲸,KU_SIyU7lUO,快乐小虎鲸的龙鳞宝箱,金块,goldnugget,-20
迷你家园,2021-09-20 22:36,快乐小虎鲸,KU_SIyU7lUO,快乐小虎鲸的龙鳞宝箱,金块,goldnugget,-20
迷你家园,2021-09-20 22:36,快乐小虎鲸,KU_SIyU7lUO,快乐小虎鲸的龙鳞宝箱,金块,goldnugget,-20
迷你家园,2021-09-20 22:36,快乐小虎鲸,KU_SIyU7lUO,快乐小虎鲸的龙鳞宝箱,金块,goldnugget,-20
迷你家园,2021-09-20 22:36,快乐小虎鲸,KU_SIyU7lUO,快乐小虎鲸的龙鳞宝箱,金块,goldnugget,20
迷你家园,2021-09-20 22:36,快乐小虎鲸,KU_SIyU7lUO,快乐小虎鲸的龙鳞宝箱,金块,goldnugget,20
迷你家园,2021-09-20 22:36,快乐小虎鲸,KU_SIyU7lUO,快乐小虎鲸的龙鳞宝箱,金块,goldnugget,20
迷你家园,2021-09-20 22:36,快乐小虎鲸,KU_SIyU7lUO,快乐小虎鲸的龙鳞宝箱,金块,goldnugget,20
迷你家园,2021-09-20 22:36,快乐小虎鲸,KU_SIyU7lUO,快乐小虎鲸的龙鳞宝箱,金块,goldnugget,-20
迷你家园,2021-09-20 22:36,快乐小虎鲸,KU_SIyU7lUO,快乐小虎鲸的龙鳞宝箱,金块,goldnugget,-20
迷你家园,2021-09-20 22:36,快乐小虎鲸,KU_SIyU7lUO,快乐小虎鲸的龙鳞宝箱,金块,goldnugget,-20
迷你家园,2021-09-20 22:36,快乐小虎鲸,KU_SIyU7lUO,快乐小虎鲸的龙鳞宝箱,金块,goldnugget,-20
迷你家园,2021-09-20 22:36,快乐小虎鲸,KU_SIyU7lUO,快乐小虎鲸的龙鳞宝箱,金块,goldnugget,20
迷你家园,2021-09-20 22:36,快乐小虎鲸,KU_SIyU7lUO,快乐小虎鲸的龙鳞宝箱,金块,goldnugget,20
迷你家园,2021-09-20 22:36,快乐小虎鲸,KU_SIyU7lUO,快乐小虎鲸的龙鳞宝箱,金块,goldnugget,20
迷你家园,2021-09-20 22:36,快乐小虎鲸,KU_SIyU7lUO,快乐小虎鲸的龙鳞宝箱,金块,goldnugget,20
迷你家园,2021-09-20 22:36,快乐小虎鲸,KU_SIyU7lUO,快乐小虎鲸的龙鳞宝箱,金块,goldnugget,20
迷你家园,2021-09-20 22:39,快乐小虎鲸,KU_SIyU7lUO,快乐小虎鲸的龙鳞宝箱,蛙腿,froglegs,40
迷你家园,2021-09-20 22:39,快乐小虎鲸,KU_SIyU7lUO,快乐小虎鲸的龙鳞宝箱,蛙腿,froglegs,40
迷你家园,2021-09-20 22:39,快乐小虎鲸,KU_SIyU7lUO,快乐小虎鲸的龙鳞宝箱,蛙腿,froglegs,40
迷你家园,2021-09-20 22:39,快乐小虎鲸,KU_SIyU7lUO,快乐小虎鲸的龙鳞宝箱,蛙腿,froglegs,40
迷你家园,2021-09-20 22:39,快乐小虎鲸,KU_SIyU7lUO,快乐小虎鲸的龙鳞宝箱,蛙腿,froglegs,40
迷你家园,2021-09-20 22:39,快乐小虎鲸,KU_SIyU7lUO,快乐小虎鲸的龙鳞宝箱,蛙腿,froglegs,40
迷你家园,2021-09-20 22:39,快乐小虎鲸,KU_SIyU7lUO,快乐小虎鲸的龙鳞宝箱,蛙腿,froglegs,40
迷你家园,2021-09-20 22:39,快乐小虎鲸,KU_SIyU7lUO,快乐小虎鲸的龙鳞宝箱,蛙腿,froglegs,40
迷你家园,2021-09-20 22:41,快乐小虎鲸,KU_SIyU7lUO,快乐小虎鲸的龙鳞宝箱,树枝,twigs,20
迷你家园,2021-09-20 22:41,快乐小虎鲸,KU_SIyU7lUO,快乐小虎鲸的龙鳞宝箱,采摘的蓝蘑菇,blue_cap,40
迷你家园,2021-09-20 22:41,快乐小虎鲸,KU_SIyU7lUO,快乐小虎鲸的龙鳞宝箱,采摘的蓝蘑菇,blue_cap,40
迷你家园,2021-09-20 22:41,快乐小虎鲸,KU_SIyU7lUO,快乐小虎鲸的龙鳞宝箱,采摘的蓝蘑菇,blue_cap,40
迷你家园,2021-09-20 22:41,快乐小虎鲸,KU_SIyU7lUO,快乐小虎鲸的龙鳞宝箱,采摘的蓝蘑菇,blue_cap,40
迷你家园,2021-09-20 22:41,快乐小虎鲸,KU_SIyU7lUO,快乐小虎鲸的龙鳞宝箱,采摘的红蘑菇,red_cap,40
迷你家园,2021-09-20 22:41,快乐小虎鲸,KU_SIyU7lUO,快乐小虎鲸的龙鳞宝箱,采摘的红蘑菇,red_cap,40
迷你家园,2021-09-20 22:41,快乐小虎鲸,KU_SIyU7lUO,快乐小虎鲸的龙鳞宝箱,采摘的红蘑菇,red_cap,40
迷你家园,2021-09-20 22:41,快乐小虎鲸,KU_SIyU7lUO,快乐小虎鲸的龙鳞宝箱,采摘的红蘑菇,red_cap,40
迷你家园,2021-09-20 22:41,快乐小虎鲸,KU_SIyU7lUO,快乐小虎鲸的龙鳞宝箱,采摘的绿蘑菇,green_cap,40
迷你家园,2021-09-20 22:41,快乐小虎鲸,KU_SIyU7lUO,快乐小虎鲸的龙鳞宝箱,采摘的绿蘑菇,green_cap,40
迷你家园,2021-09-20 22:41,快乐小虎鲸,KU_SIyU7lUO,快乐小虎鲸的龙鳞宝箱,采摘的绿蘑菇,green_cap,40
迷你家园,2021-09-20 22:41,快乐小虎鲸,KU_SIyU7lUO,快乐小虎鲸的龙鳞宝箱,采摘的绿蘑菇,green_cap,40
迷你家园,2021-09-20 22:41,快乐小虎鲸,KU_SIyU7lUO,快乐小虎鲸的龙鳞宝箱,采摘的绿蘑菇,green_cap,40
迷你家园,2021-09-20 22:41,快乐小虎鲸,KU_SIyU7lUO,快乐小虎鲸的龙鳞宝箱,采摘的绿蘑菇,green_cap,40
迷你家园,2021-09-20 22:41,快乐小虎鲸,KU_SIyU7lUO,快乐小虎鲸的龙鳞宝箱,采摘的绿蘑菇,green_cap,40
迷你家园,2021-09-20 22:41,快乐小虎鲸,KU_SIyU7lUO,快乐小虎鲸的龙鳞宝箱,采摘的绿蘑菇,green_cap,40
迷你家园,2021-09-20 22:42,快乐小虎鲸,KU_SIyU7lUO,快乐小虎鲸的龙鳞宝箱,小鱼块,fishmeat_small,20
迷你家园,2021-09-20 22:42,快乐小虎鲸,KU_SIyU7lUO,快乐小虎鲸的龙鳞宝箱,小鱼块,fishmeat_small,20
迷你家园,2021-09-20 22:42,快乐小虎鲸,KU_SIyU7lUO,快乐小虎鲸的龙鳞宝箱,小鱼块,fishmeat_small,20
迷你家园,2021-09-20 22:42,快乐小虎鲸,KU_SIyU7lUO,快乐小虎鲸的龙鳞宝箱,小鱼块,fishmeat_small,20
迷你家园,2021-09-20 22:44,快乐小虎鲸,KU_SIyU7lUO,快乐小虎鲸的龙鳞宝箱,西瓜,watermelon,20
迷你家园,2021-09-20 22:44,快乐小虎鲸,KU_SIyU7lUO,快乐小虎鲸的龙鳞宝箱,西瓜,watermelon,20
迷你家园,2021-09-20 22:44,快乐小虎鲸,KU_SIyU7lUO,快乐小虎鲸的龙鳞宝箱,西瓜,watermelon,20
迷你家园,2021-09-20 22:44,快乐小虎鲸,KU_SIyU7lUO,快乐小虎鲸的龙鳞宝箱,西瓜,watermelon,20
迷你家园,2021-09-20 22:44,快乐小虎鲸,KU_SIyU7lUO,快乐小虎鲸的龙鳞宝箱,西瓜,watermelon,20
迷你家园,2021-09-20 22:44,快乐小虎鲸,KU_SIyU7lUO,快乐小虎鲸的龙鳞宝箱,西瓜,watermelon,20
迷你家园,2021-09-20 22:44,快乐小虎鲸,KU_SIyU7lUO,快乐小虎鲸的龙鳞宝箱,西瓜,watermelon,20
迷你家园,2021-09-20 22:44,快乐小虎鲸,KU_SIyU7lUO,快乐小虎鲸的龙鳞宝箱,西瓜,watermelon,20
角斗场,2021-09-20 20:18,971768332,KU_pvwb-YlE,龙鳞宝箱,冰魔杖,icestaff,1
角斗场,2021-09-20 20:46,61s mole,KU_0vPtVr7G,龙鳞宝箱,便携烹饪锅,portablecookpot_item,1
角斗场,2021-09-20 20:46,61s mole,KU_0vPtVr7G,龙鳞宝箱,锤子,hammer,1
角斗场,2021-09-20 20:46,61s mole,KU_0vPtVr7G,龙鳞宝箱,怪物肉,monstermeat,1
角斗场,2021-09-20 20:46,61s mole,KU_0vPtVr7G,龙鳞宝箱,便携烹饪锅,portablecookpot_item,-1
角斗场,2021-09-20 20:46,61s mole,KU_0vPtVr7G,龙鳞宝箱,锤子,hammer,-1
角斗场,2021-09-20 20:46,61s mole,KU_0vPtVr7G,龙鳞宝箱,怪物肉,monstermeat,-1
角斗场,2021-09-20 20:48,最苦是白衣,KU_ongKpj76,龙鳞宝箱,冰魔杖,icestaff,-1
